Workbook

Sheet Log Book
A1: Flying | E1: =SUM(M1:T1) -> 26.656944 | F1: Count | G1: =COUNT(A6:A65536) -> 592 | J1: Time: | K1: =SUM(M1:T1) -> 26.656944 | M1: =SUM(M6:M65536) -> 11.323611 | N1: =SUM(N6:N65536) -> 7.1097222 | O1: =SUM(O6:O65536) -> 4.8708333 | P1: =SUM(P6:P65536) -> 2.8541667 | Q1: =SUM(Q6:Q65536) -> 0.22708333 | R1: =SUM(R6:R65536) -> 0.13541667 | S1: =SUM(S6:S65536) -> 0.13611111 | T1: =SUM(T6:T65536) -> 0 | ... W1: =SUM(W6:W65536) -> 19.8
A2: Sim | E2: =W1/24 -> 0.825 | J2: Count: | M2: =COUNTIF(M6:M65536, ">0") -> 258 | N2: =COUNTIF(N6:N65536, ">0") -> 170 | O2: =COUNTIF(O6:O65536, ">0") -> 94 | P2: =COUNTIF(P6:P65536, ">0") -> 47 | Q2: =COUNTIF(Q6:Q65536, ">0") -> 5 | R2: =COUNTIF(R6:R65536, ">0") -> 3 | S2: =COUNTIF(S6:S65536, ">0") -> 6 | T2: =COUNTIF(T6:T65536, ">0") -> 0 | ... W2: =COUNTIF(W6:W65536, ">0") -> 14
A4: Total | E4: =E2+E1 -> 27.481944 | M4: Single Engine | O4: Multi Engine | Q4: Single Engine | S4: Multi Engine
A5: Date | B5: Ttype | C5: xxx | D5: xxy | E5: Type | F5: Reg | G5: Captain | H5: Operating Capacity | I5: From | J5: To | K5: Depart | L5: Arrival | M5: In Command | N5: Dual | O5: In Command | P5: Dual | Q5: In Command | R5: Dual | S5: In Command | T5: Dual | U5: Instrument Flying | V5: Instructor | W5: Simulated | X5: Flight Time | Y5: Comments
A6: 35655 | B6: =VLOOKUP(F6, Aircraft!A$2:C$99, 2, FALSE) -> C152 | C6: =VLOOKUP(F6, Aircraft!A$2:C$99, 3, FALSE) -> S | D6: =IF(ISNA(C6), "", C6) -> S | E6: =IF(ISNA(B6), "", B6) -> C152 | F6: GLSMI | G6: Kingshott | H6: =IF(UPPER(G6)<>"SELF","PUT","P1") -> PUT | I6: EGKA | J6: EGKA | K6: 0.79166667 | L6: 0.82291667 | M6: =IF(AND(H6="P1", C6="S"), L6-K6, 0) -> 0 | N6: =IF(AND(H6="PUT", C6="S"), L6-K6, 0) -> 0.03125 | X6: =SUM(M6:S6) -> 0.03125 | Y6: Ex4.1, Ex3
A7: 35680 | B7: =VLOOKUP(F7, Aircraft!A$2:C$99, 2, FALSE) -> C152 | C7: =VLOOKUP(F7, Aircraft!A$2:C$99, 3, FALSE) -> S | D7: =IF(ISNA(C7), "", C7) -> S | E7: =IF(ISNA(B7), "", B7) -> C152 | F7: GBOIN | G7: Kingshott | H7: =IF(UPPER(G7)<>"SELF","PUT","P1") -> PUT | I7: EGKA | J7: EGKA | K7: 0.47916667 | L7: 0.53472222 | M7: =IF(AND(H7="P1", C7="S"), L7-K7, 0) -> 0 | N7: =IF(AND(H7="PUT", C7="S"), L7-K7, 0) -> 0.055555556 | X7: =SUM(M7:S7) -> 0.055555556 | Y7: Ex4.2, 6, 1, 2
A8: 35680 | B8: =VLOOKUP(F8, Aircraft!A$2:C$99, 2, FALSE) -> C152 | C8: =VLOOKUP(F8, Aircraft!A$2:C$99, 3, FALSE) -> S | D8: =IF(ISNA(C8), "", C8) -> S | E8: =IF(ISNA(B8), "", B8) -> C152 | F8: GBPTF | G8: Kingshott | H8: =IF(UPPER(G8)<>"SELF","PUT","P1") -> PUT | I8: EGKA | J8: EGKA | K8: 0.75694444 | L8: 0.80902778 | M8: =IF(AND(H8="P1", C8="S"), L8-K8, 0) -> 0 | N8: =IF(AND(H8="PUT", C8="S"), L8-K8, 0) -> 0.052083333 | X8: =SUM(M8:S8) -> 0.052083333 | Y8: Ex6.2, 7, 8, 5E
A9: 35687 | B9: =VLOOKUP(F9, Aircraft!A$2:C$99, 2, FALSE) -> C152 | C9: =VLOOKUP(F9, Aircraft!A$2:C$99, 3, FALSE) -> S | D9: =IF(ISNA(C9), "", C9) -> S | E9: =IF(ISNA(B9), "", B9) -> C152 | F9: GLSMI | G9: Kingshott | H9: =IF(UPPER(G9)<>"SELF",IF(G9<>"", "PUT", ""),"P1") -> PUT | I9: EGKA | J9: EGKA | K9: 0.75694444 | L9: 0.80555556 | M9: =IF(AND(H9="P1", D9="S"), L9-K9, 0) -> 0 | N9: =IF(AND(H9="PUT", D9="S"), L9-K9, 0) -> 0.048611111 | X9: =SUM(M9:S9) -> 0.048611111 | Y9: Ex8
A10: 35701 | B10: =VLOOKUP(F10, Aircraft!A$2:C$99, 2, FALSE) -> C152 | C10: =VLOOKUP(F10, Aircraft!A$2:C$99, 3, FALSE) -> S | D10: =IF(ISNA(C10), "", C10) -> S | E10: =IF(ISNA(B10), "", B10) -> C152 | F10: GBPTF | G10: Kingshott | H10: =IF(UPPER(G10)<>"SELF",IF(G10<>"", "PUT", ""),"P1") -> PUT | I10: EGKA | J10: EGKA | K10: 0.59027778 | L10: 0.63888889 | M10: =IF(AND(H10="P1", D10="S"), L10-K10, 0) -> 0 | N10: =IF(AND(H10="PUT", D10="S"), L10-K10, 0) -> 0.048611111 | X10: =SUM(M10:S10) -> 0.048611111 | Y10: Ex9
A11: 35727 | B11: =VLOOKUP(F11, Aircraft!A$2:C$99, 2, FALSE) -> C152 | C11: =VLOOKUP(F11, Aircraft!A$2:C$99, 3, FALSE) -> S | D11: =IF(ISNA(C11), "", C11) -> S | E11: =IF(ISNA(B11), "", B11) -> C152 | F11: GLSMI | G11: Kingshott | H11: =IF(UPPER(G11)<>"SELF",IF(G11<>"", "PUT", ""),"P1") -> PUT | I11: EGKA | J11: EGKA | K11: 0.60416667 | L11: 0.64583333 | M11: =IF(AND(H11="P1", D11="S"), L11-K11, 0) -> 0 | N11: =IF(AND(H11="PUT", D11="S"), L11-K11, 0) -> 0.041666667 | X11: =SUM(M11:S11) -> 0.041666667 | Y11: Revision Ex 5
A12: 35728 | B12: =VLOOKUP(F12, Aircraft!A$2:C$99, 2, FALSE) -> C152 | C12: =VLOOKUP(F12, Aircraft!A$2:C$99, 3, FALSE) -> S | D12: =IF(ISNA(C12), "", C12) -> S | E12: =IF(ISNA(B12), "", B12) -> C152 | F12: GBPTF | G12: Kingshott | H12: =IF(UPPER(G12)<>"SELF",IF(G12<>"", "PUT", ""),"P1") -> PUT | I12: EGKA | J12: EGKA | K12: 0.44097222 | L12: 0.48263889 | M12: =IF(AND(H12="P1", D12="S"), L12-K12, 0) -> 0 | N12: =IF(AND(H12="PUT", D12="S"), L12-K12, 0) -> 0.041666667 | X12: =SUM(M12:S12) -> 0.041666667 | Y12: Ex 9
A13: 35729 | B13: =VLOOKUP(F13, Aircraft!A$2:C$99, 2, FALSE) -> PA28 | C13: =VLOOKUP(F13, Aircraft!A$2:C$99, 3, FALSE) -> S | D13: =IF(ISNA(C13), "", C13) -> S | E13: =IF(ISNA(B13), "", B13) -> PA28 | F13: GBNNY | G13: Kingshott | H13: =IF(UPPER(G13)<>"SELF",IF(G13<>"", "PUT", ""),"P1") -> PUT | I13: EGKA | J13: EGKA | K13: 0.46180556 | L13: 0.50694444 | M13: =IF(AND(H13="P1", D13="S"), L13-K13, 0) -> 0 | N13: =IF(AND(H13="PUT", D13="S"), L13-K13, 0) -> 0.045138889 | X13: =SUM(M13:S13) -> 0.045138889 | Y13: Ex 10, Revision
A15: 35833 | B15: =VLOOKUP(F15, Aircraft!A$2:C$99, 2, FALSE) -> PA28 | C15: =VLOOKUP(F15, Aircraft!A$2:C$99, 3, FALSE) -> S | D15: =IF(ISNA(C15), "", C15) -> S | E15: =IF(ISNA(B15), "", B15) -> PA28 | F15: GBIEY | G15: Kingshott | H15: =IF(UPPER(G15)<>"SELF",IF(G15<>"", "PUT", ""),"P1") -> PUT | I15: EGKA | J15: EGKA | K15: 0.41666667 | L15: 0.45833333 | M15: =IF(AND(H15="P1", D15="S"), L15-K15, 0) -> 0 | N15: =IF(AND(H15="PUT", D15="S"), L15-K15, 0) -> 0.041666667 | X15: =SUM(M15:S15) -> 0.041666667 | Y15: Revision
A16: 35833 | B16: =VLOOKUP(F16, Aircraft!A$2:C$99, 2, FALSE) -> PA28 | C16: =VLOOKUP(F16, Aircraft!A$2:C$99, 3, FALSE) -> S | D16: =IF(ISNA(C16), "", C16) -> S | E16: =IF(ISNA(B16), "", B16) -> PA28 | F16: GBIEY | G16: Kingshott | H16: =IF(UPPER(G16)<>"SELF",IF(G16<>"", "PUT", ""),"P1") -> PUT | I16: EGKA | J16: EGKA | K16: 0.66666667 | L16: 0.70486111 | M16: =IF(AND(H16="P1", D16="S"), L16-K16, 0) -> 0 | N16: =IF(AND(H16="PUT", D16="S"), L16-K16, 0) -> 0.038194444 | X16: =SUM(M16:S16) -> 0.038194444 | Y16: Ex10b, (0:30) - Signed
A17: 35847 | B17: =VLOOKUP(F17, Aircraft!A$2:C$99, 2, FALSE) -> PA28 | C17: =VLOOKUP(F17, Aircraft!A$2:C$99, 3, FALSE) -> S | D17: =IF(ISNA(C17), "", C17) -> S | E17: =IF(ISNA(B17), "", B17) -> PA28 | F17: GBNNY | G17: Kingshott | H17: =IF(UPPER(G17)<>"SELF",IF(G17<>"", "PUT", ""),"P1") -> PUT | I17: EGKA | J17: EGKA | K17: 0.64236111 | L17: 0.65277778 | M17: =IF(AND(H17="P1", D17="S"), L17-K17, 0) -> 0 | N17: =IF(AND(H17="PUT", D17="S"), L17-K17, 0) -> 0.010416667 | X17: =SUM(M17:S17) -> 0.010416667 | Y17: Ex 19, Aborted smoke in Cockpit
A18: 35848 | B18: =VLOOKUP(F18, Aircraft!A$2:C$99, 2, FALSE) -> PA28 | C18: =VLOOKUP(F18, Aircraft!A$2:C$99, 3, FALSE) -> S | D18: =IF(ISNA(C18), "", C18) -> S | E18: =IF(ISNA(B18), "", B18) -> PA28 | F18: GBNNY | G18: Kingshott | H18: =IF(UPPER(G18)<>"SELF",IF(G18<>"", "PUT", ""),"P1") -> PUT | I18: EGKA | J18: EGKA | K18: 0.59375 | L18: 0.63194444 | M18: =IF(AND(H18="P1", D18="S"), L18-K18, 0) -> 0 | N18: =IF(AND(H18="PUT", D18="S"), L18-K18, 0) -> 0.038194444 | U18: 0.6 | X18: =SUM(M18:S18) -> 0.038194444 | Y18: Ex 19a, Signed
A19: 35876 | B19: =VLOOKUP(F19, Aircraft!A$2:C$99, 2, FALSE) -> PA28 | C19: =VLOOKUP(F19, Aircraft!A$2:C$99, 3, FALSE) -> S | D19: =IF(ISNA(C19), "", C19) -> S | E19: =IF(ISNA(B19), "", B19) -> PA28 | F19: GRSKR | G19: Kingshott | H19: =IF(UPPER(G19)<>"SELF",IF(G19<>"", "PUT", ""),"P1") -> PUT | I19: EGKA | J19: EGKA | K19: 0.5 | L19: 0.54166667 | M19: =IF(AND(H19="P1", D19="S"), L19-K19, 0) -> 0 | N19: =IF(AND(H19="PUT", D19="S"), L19-K19, 0) -> 0.041666667 | X19: =SUM(M19:S19) -> 0.041666667 | Y19: Revision
A20: 35882 | B20: =VLOOKUP(F20, Aircraft!A$2:C$99, 2, FALSE) -> PA28 | C20: =VLOOKUP(F20, Aircraft!A$2:C$99, 3, FALSE) -> S | D20: =IF(ISNA(C20), "", C20) -> S | E20: =IF(ISNA(B20), "", B20) -> PA28 | F20: GBOTN | G20: Kingshott | H20: =IF(UPPER(G20)<>"SELF",IF(G20<>"", "PUT", ""),"P1") -> PUT | I20: EGKA | J20: EGKA | K20: 0.50347222 | L20: 0.54513889 | M20: =IF(AND(H20="P1", D20="S"), L20-K20, 0) -> 0 | N20: =IF(AND(H20="PUT", D20="S"), L20-K20, 0) -> 0.041666667 | X20: =SUM(M20:S20) -> 0.041666667 | Y20: Ex10b2 - Stalling(0.5) - Signed
A21: 35883 | B21: =VLOOKUP(F21, Aircraft!A$2:C$99, 2, FALSE) -> PA28 | C21: =VLOOKUP(F21, Aircraft!A$2:C$99, 3, FALSE) -> S | D21: =IF(ISNA(C21), "", C21) -> S | E21: =IF(ISNA(B21), "", B21) -> PA28 | F21: GBNNY | G21: Kingshott | H21: =IF(UPPER(G21)<>"SELF",IF(G21<>"", "PUT", ""),"P1") -> PUT | I21: EGKA | J21: EGKA | K21: 0.73958333 | L21: 0.77777778 | M21: =IF(AND(H21="P1", D21="S"), L21-K21, 0) -> 0 | N21: =IF(AND(H21="PUT", D21="S"), L21-K21, 0) -> 0.038194444 | U21: 0.7 | X21: =SUM(M21:S21) -> 0.038194444 | Y21: Ex 19 - Signed
A22: 35892 | B22: =VLOOKUP(F22, Aircraft!A$2:C$99, 2, FALSE) -> PA28 | C22: =VLOOKUP(F22, Aircraft!A$2:C$99, 3, FALSE) -> S | D22: =IF(ISNA(C22), "", C22) -> S | E22: =IF(ISNA(B22), "", B22) -> PA28 | F22: GBNNY | G22: Kingshott | H22: =IF(UPPER(G22)<>"SELF",IF(G22<>"", "PUT", ""),"P1") -> PUT | I22: EGKA | J22: EGKA | K22: 0.63194444 | L22: 0.67013889 | M22: =IF(AND(H22="P1", D22="S"), L22-K22, 0) -> 0 | N22: =IF(AND(H22="PUT", D22="S"), L22-K22, 0) -> 0.038194444 | X22: =SUM(M22:S22) -> 0.038194444 | Y22: Ex12, 13
A23: 35938 | B23: =VLOOKUP(F23, Aircraft!A$2:C$99, 2, FALSE) -> PA28 | C23: =VLOOKUP(F23, Aircraft!A$2:C$99, 3, FALSE) -> S | D23: =IF(ISNA(C23), "", C23) -> S | E23: =IF(ISNA(B23), "", B23) -> PA28 | F23: GBOKB | G23: Kingshott | H23: =IF(UPPER(G23)<>"SELF",IF(G23<>"", "PUT", ""),"P1") -> PUT | I23: EGKA | J23: EGKA | K23: 0.58333333 | L23: 0.62152778 | M23: =IF(AND(H23="P1", D23="S"), L23-K23, 0) -> 0 | N23: =IF(AND(H23="PUT", D23="S"), L23-K23, 0) -> 0.038194444 | X23: =SUM(M23:S23) -> 0.038194444 | Y23: Revision
A24: 35939 | B24: =VLOOKUP(F24, Aircraft!A$2:C$99, 2, FALSE) -> PA28 | C24: =VLOOKUP(F24, Aircraft!A$2:C$99, 3, FALSE) -> S | D24: =IF(ISNA(C24), "", C24) -> S | E24: =IF(ISNA(B24), "", B24) -> PA28 | F24: GBIEY | G24: Kingshott | H24: =IF(UPPER(G24)<>"SELF",IF(G24<>"", "PUT", ""),"P1") -> PUT | I24: EGKA | J24: EGKA | K24: 0.59027778 | L24: 0.625 | M24: =IF(AND(H24="P1", D24="S"), L24-K24, 0) -> 0 | N24: =IF(AND(H24="PUT", D24="S"), L24-K24, 0) -> 0.034722222 | X24: =SUM(M24:S24) -> 0.034722222 | Y24: Revision
A25: 35962 | B25: =VLOOKUP(F25, Aircraft!A$2:C$99, 2, FALSE) -> PA28 | C25: =VLOOKUP(F25, Aircraft!A$2:C$99, 3, FALSE) -> S | D25: =IF(ISNA(C25), "", C25) -> S | E25: =IF(ISNA(B25), "", B25) -> PA28 | F25: GBOTN | G25: Kingshott | H25: =IF(UPPER(G25)<>"SELF",IF(G25<>"", "PUT", ""),"P1") -> PUT | I25: EGKA | J25: EGKA | K25: 0.45486111 | L25: 0.48958333 | M25: =IF(AND(H25="P1", D25="S"), L25-K25, 0) -> 0 | N25: =IF(AND(H25="PUT", D25="S"), L25-K25, 0) -> 0.034722222 | X25: =SUM(M25:S25) -> 0.034722222 | Y25: Revision
A26: 35980 | B26: =VLOOKUP(F26, Aircraft!A$2:C$99, 2, FALSE) -> PA28 | C26: =VLOOKUP(F26, Aircraft!A$2:C$99, 3, FALSE) -> S | D26: =IF(ISNA(C26), "", C26) -> S | E26: =IF(ISNA(B26), "", B26) -> PA28 | F26: GBOJZ | G26: Herlihy | H26: =IF(UPPER(G26)<>"SELF",IF(G26<>"", "PUT", ""),"P1") -> PUT | I26: EGKA | J26: EGKA | K26: 0.70486111 | L26: 0.75 | M26: =IF(AND(H26="P1", D26="S"), L26-K26, 0) -> 0 | N26: =IF(AND(H26="PUT", D26="S"), L26-K26, 0) -> 0.045138889 | X26: =SUM(M26:S26) -> 0.045138889 | Y26: Ex 12, 13, 6+1, Efato, Flapless
A27: 35993 | B27: =VLOOKUP(F27, Aircraft!A$2:C$99, 2, FALSE) -> PA28 | C27: =VLOOKUP(F27, Aircraft!A$2:C$99, 3, FALSE) -> S | D27: =IF(ISNA(C27), "", C27) -> S | E27: =IF(ISNA(B27), "", B27) -> PA28 | F27: GBOJZ | G27: Kingshott | H27: =IF(UPPER(G27)<>"SELF",IF(G27<>"", "PUT", ""),"P1") -> PUT | I27: EGKA | J27: EGKA | K27: 0.57986111 | L27: 0.62152778 | M27: =IF(AND(H27="P1", D27="S"), L27-K27, 0) -> 0 | N27: =IF(AND(H27="PUT", D27="S"), L27-K27, 0) -> 0.041666667 | X27: =SUM(M27:S27) -> 0.041666667 | Y27: Ex 12, 13, 6+1
A28: 35994 | B28: =VLOOKUP(F28, Aircraft!A$2:C$99, 2, FALSE) -> PA28 | C28: =VLOOKUP(F28, Aircraft!A$2:C$99, 3, FALSE) -> S | D28: =IF(ISNA(C28), "", C28) -> S | E28: =IF(ISNA(B28), "", B28) -> PA28 | F28: GBIEY | G28: Kingshott | H28: =IF(UPPER(G28)<>"SELF",IF(G28<>"", "PUT", ""),"P1") -> PUT | I28: EGKA | J28: EGKA | K28: 0.64930556 | L28: 0.69097222 | M28: =IF(AND(H28="P1", D28="S"), L28-K28, 0) -> 0 | N28: =IF(AND(H28="PUT", D28="S"), L28-K28, 0) -> 0.041666667 | X28: =SUM(M28:S28) -> 0.041666667 | Y28: Ex 12, 13, 6+1
A29: 36018 | B29: =VLOOKUP(F29, Aircraft!A$2:C$99, 2, FALSE) -> PA28 | C29: =VLOOKUP(F29, Aircraft!A$2:C$99, 3, FALSE) -> S | D29: =IF(ISNA(C29), "", C29) -> S | E29: =IF(ISNA(B29), "", B29) -> PA28 | F29: GBOKB | G29: Kingshott | H29: =IF(UPPER(G29)<>"SELF",IF(G29<>"", "PUT", ""),"P1") -> PUT | I29: EGKA | J29: EGKA | K29: 0.51736111 | L29: 0.55902778 | M29: =IF(AND(H29="P1", D29="S"), L29-K29, 0) -> 0 | N29: =IF(AND(H29="PUT", D29="S"), L29-K29, 0) -> 0.041666667 | X29: =SUM(M29:S29) -> 0.041666667 | Y29: Ex 12, 13, 6+2
A30: 36126 | B30: =VLOOKUP(F30, Aircraft!A$2:C$99, 2, FALSE) -> PA28 | C30: =VLOOKUP(F30, Aircraft!A$2:C$99, 3, FALSE) -> S | D30: =IF(ISNA(C30), "", C30) -> S | E30: =IF(ISNA(B30), "", B30) -> PA28 | F30: GBPDU | G30: Herlihy | H30: =IF(UPPER(G30)<>"SELF",IF(G30<>"", "PUT", ""),"P1") -> PUT | I30: EGKA | J30: EGKA | K30: 0.4375 | L30: 0.48263889 | M30: =IF(AND(H30="P1", D30="S"), L30-K30, 0) -> 0 | N30: =IF(AND(H30="PUT", D30="S"), L30-K30, 0) -> 0.045138889 | X30: =SUM(M30:S30) -> 0.045138889 | Y30: Ex 10a (Signed), Ex12, 13 3+1
A31: 36126 | B31: =VLOOKUP(F31, Aircraft!A$2:C$99, 2, FALSE) -> PA28 | C31: =VLOOKUP(F31, Aircraft!A$2:C$99, 3, FALSE) -> S | D31: =IF(ISNA(C31), "", C31) -> S | E31: =IF(ISNA(B31), "", B31) -> PA28 | F31: GBPDU | G31: Kingshott | H31: =IF(UPPER(G31)<>"SELF",IF(G31<>"", "PUT", ""),"P1") -> PUT | I31: EGKA | J31: EGKA | K31: 0.61458333 | L31: 0.63888889 | M31: =IF(AND(H31="P1", D31="S"), L31-K31, 0) -> 0 | N31: =IF(AND(H31="PUT", D31="S"), L31-K31, 0) -> 0.024305556 | X31: =SUM(M31:S31) -> 0.024305556 | Y31: Ex 12, 13 2+1
A32: 36126 | B32: =VLOOKUP(F32, Aircraft!A$2:C$99, 2, FALSE) -> PA28 | C32: =VLOOKUP(F32, Aircraft!A$2:C$99, 3, FALSE) -> S | D32: =IF(ISNA(C32), "", C32) -> S | E32: =IF(ISNA(B32), "", B32) -> PA28 | F32: GBPDU | G32: N Hill | H32: =IF(UPPER(G32)<>"SELF",IF(G32<>"", "PUT", ""),"P1") -> PUT | I32: EGKA | J32: EGKA | K32: 0.64930556 | L32: 0.67361111 | M32: =IF(AND(H32="P1", D32="S"), L32-K32, 0) -> 0 | N32: =IF(AND(H32="PUT", D32="S"), L32-K32, 0) -> 0.024305556 | X32: =SUM(M32:S32) -> 0.024305556 | Y32: Ex 12, 13, 1+1
A33: 36126 | B33: =VLOOKUP(F33, Aircraft!A$2:C$99, 2, FALSE) -> PA28 | C33: =VLOOKUP(F33, Aircraft!A$2:C$99, 3, FALSE) -> S | D33: =IF(ISNA(C33), "", C33) -> S | E33: =IF(ISNA(B33), "", B33) -> PA28 | F33: GBPDU | G33: Self | H33: =IF(UPPER(G33)<>"SELF",IF(G33<>"", "PUT", ""),"P1") -> P1 | I33: EGKA | J33: EGKA | K33: 0.67708333 | L33: 0.68402778 | M33: =IF(AND(H33="P1", D33="S"), L33-K33, 0) -> 0.0069444444 | N33: =IF(AND(H33="PUT", D33="S"), L33-K33, 0) -> 0 | X33: =SUM(M33:S33) -> 0.0069444444 | Y33: Ex 14 - First Solo!
... A66: 36424 | B66: =VLOOKUP(F66, Aircraft!A$2:C$99, 2, FALSE) -> PA28 | C66: =VLOOKUP(F66, Aircraft!A$2:C$99, 3, FALSE) -> S | D66: =IF(ISNA(C66), "", C66) -> S | E66: =IF(ISNA(B66), "", B66) -> PA28 | F66: GBOJZ | G66: Self | H66: =IF(UPPER(G66)<>"SELF",IF(G66<>"", "PUT", ""),"P1") -> P1 | I66: EGKA | J66: EGHR | K66: 0.52430556 | L66: 0.54513889 | M66: =IF(AND(H66="P1", D66="S"), L66-K66, 0) -> 0.020833333 | N66: =IF(AND(H66="PUT", D66="S"), L66-K66, 0) -> 0 | X66: =SUM(M66:S66) -> 0.020833333 | Y66: Solo Away
A67: 36424 | B67: =VLOOKUP(F67, Aircraft!A$2:C$99, 2, FALSE) -> PA28 | C67: =VLOOKUP(F67, Aircraft!A$2:C$99, 3, FALSE) -> S | D67: =IF(ISNA(C67), "", C67) -> S | E67: =IF(ISNA(B67), "", B67) -> PA28 | F67: GBOJZ | G67: Self | H67: =IF(UPPER(G67)<>"SELF",IF(G67<>"", "PUT", ""),"P1") -> P1 | I67: EGHR | J67: EGKA | K67: 0.58680556 | L67: 0.6125 | M67: =IF(AND(H67="P1", D67="S"), L67-K67, 0) -> 0.025694444 | N67: =IF(AND(H67="PUT", D67="S"), L67-K67, 0) -> 0 | X67: =SUM(M67:S67) -> 0.025694444
A68: 36435 | B68: =VLOOKUP(F68, Aircraft!A$2:C$99, 2, FALSE) -> PA28 | C68: =VLOOKUP(F68, Aircraft!A$2:C$99, 3, FALSE) -> S | D68: =IF(ISNA(C68), "", C68) -> S | E68: =IF(ISNA(B68), "", B68) -> PA28 | F68: GBPDU | G68: Self | H68: =IF(UPPER(G68)<>"SELF",IF(G68<>"", "PUT", ""),"P1") -> P1 | I68: EGKA | J68: EGLS | K68: 0.60416667 | L68: 0.64236111 | M68: =IF(AND(H68="P1", D68="S"), L68-K68, 0) -> 0.038194444 | N68: =IF(AND(H68="PUT", D68="S"), L68-K68, 0) -> 0 | X68: =SUM(M68:S68) -> 0.038194444
A69: 36435 | B69: =VLOOKUP(F69, Aircraft!A$2:C$99, 2, FALSE) -> PA28 | C69: =VLOOKUP(F69, Aircraft!A$2:C$99, 3, FALSE) -> S | D69: =IF(ISNA(C69), "", C69) -> S | E69: =IF(ISNA(B69), "", B69) -> PA28 | F69: GBPDU | G69: Self | H69: =IF(UPPER(G69)<>"SELF",IF(G69<>"", "PUT", ""),"P1") -> P1 | I69: EGLS | J69: EGKA | K69: 0.66319444 | L69: 0.69791667 | M69: =IF(AND(H69="P1", D69="S"), L69-K69, 0) -> 0.034722222 | N69: =IF(AND(H69="PUT", D69="S"), L69-K69, 0) -> 0 | X69: =SUM(M69:S69) -> 0.034722222
A71: 36533 | B71: =VLOOKUP(F71, Aircraft!A$2:C$99, 2, FALSE) -> PA28 | C71: =VLOOKUP(F71, Aircraft!A$2:C$99, 3, FALSE) -> S | D71: =IF(ISNA(C71), "", C71) -> S | E71: =IF(ISNA(B71), "", B71) -> PA28 | F71: GBOJZ | G71: Vickers | H71: =IF(UPPER(G71)<>"SELF",IF(G71<>"", "PUT", ""),"P1") -> PUT | I71: EGKA | J71: EGKA | K71: 0.64236111 | L71: 0.6875 | M71: =IF(AND(H71="P1", D71="S"), L71-K71, 0) -> 0 | N71: =IF(AND(H71="PUT", D71="S"), L71-K71, 0) -> 0.045138889 | X71: =SUM(M71:S71) -> 0.045138889 | Y71: Ex 15, Steep turns, Ex 10b PFL, Ex 16 1+1, Stalling - Signed
A72: 36548 | B72: =VLOOKUP(F72, Aircraft!A$2:C$99, 2, FALSE) -> PA28 | C72: =VLOOKUP(F72, Aircraft!A$2:C$99, 3, FALSE) -> S | D72: =IF(ISNA(C72), "", C72) -> S | E72: =IF(ISNA(B72), "", B72) -> PA28 | F72: GEKKL | G72: Mitchell | H72: =IF(UPPER(G72)<>"SELF",IF(G72<>"", "PUT", ""),"P1") -> PUT | I72: EGKA | J72: EGKA | K72: 0.57152778 | L72: 0.61319444 | M72: =IF(AND(H72="P1", D72="S"), L72-K72, 0) -> 0 | N72: =IF(AND(H72="PUT", D72="S"), L72-K72, 0) -> 0.041666667 | X72: =SUM(M72:S72) -> 0.041666667 | Y72: Ex 15, Ex 10, Stalls - Signed
A73: 36558 | B73: =VLOOKUP(F73, Aircraft!A$2:C$99, 2, FALSE) -> PA28 | C73: =VLOOKUP(F73, Aircraft!A$2:C$99, 3, FALSE) -> S | D73: =IF(ISNA(C73), "", C73) -> S | E73: =IF(ISNA(B73), "", B73) -> PA28 | F73: GEKKL | G73: Vickers | H73: =IF(UPPER(G73)<>"SELF",IF(G73<>"", "PUT", ""),"P1") -> PUT | I73: EGKA | J73: EGMD | K73: 0.4375 | L73: 0.46875 | M73: =IF(AND(H73="P1", D73="S"), L73-K73, 0) -> 0 | N73: =IF(AND(H73="PUT", D73="S"), L73-K73, 0) -> 0.03125 | X73: =SUM(M73:S73) -> 0.03125 | Y73: Ex 18c, Pre Qual with Diversion
A74: 36558 | B74: =VLOOKUP(F74, Aircraft!A$2:C$99, 2, FALSE) -> PA28 | C74: =VLOOKUP(F74, Aircraft!A$2:C$99, 3, FALSE) -> S | D74: =IF(ISNA(C74), "", C74) -> S | E74: =IF(ISNA(B74), "", B74) -> PA28 | F74: GEKKL | G74: Vickers | H74: =IF(UPPER(G74)<>"SELF",IF(G74<>"", "PUT", ""),"P1") -> PUT | I74: EGMD | J74: EGKB | K74: 0.47569444 | L74: 0.50694444 | M74: =IF(AND(H74="P1", D74="S"), L74-K74, 0) -> 0 | N74: =IF(AND(H74="PUT", D74="S"), L74-K74, 0) -> 0.03125 | X74: =SUM(M74:S74) -> 0.03125
A75: 36558 | B75: =VLOOKUP(F75, Aircraft!A$2:C$99, 2, FALSE) -> PA28 | C75: =VLOOKUP(F75, Aircraft!A$2:C$99, 3, FALSE) -> S | D75: =IF(ISNA(C75), "", C75) -> S | E75: =IF(ISNA(B75), "", B75) -> PA28 | F75: GEKKL | G75: Vickers | H75: =IF(UPPER(G75)<>"SELF",IF(G75<>"", "PUT", ""),"P1") -> PUT | I75: EGKB | J75: EGKA | K75: 0.52777778 | L75: 0.55902778 | M75: =IF(AND(H75="P1", D75="S"), L75-K75, 0) -> 0 | N75: =IF(AND(H75="PUT", D75="S"), L75-K75, 0) -> 0.03125 | X75: =SUM(M75:S75) -> 0.03125
A76: 36559 | B76: =VLOOKUP(F76, Aircraft!A$2:C$99, 2, FALSE) -> PA28 | C76: =VLOOKUP(F76, Aircraft!A$2:C$99, 3, FALSE) -> S | D76: =IF(ISNA(C76), "", C76) -> S | E76: =IF(ISNA(B76), "", B76) -> PA28 | F76: GEKKL | G76: Self | H76: =IF(UPPER(G76)<>"SELF",IF(G76<>"", "PUT", ""),"P1") -> P1 | I76: EGKA | J76: EGMC | K76: 0.44791667 | L76: 0.48125 | M76: =IF(AND(H76="P1", D76="S"), L76-K76, 0) -> 0.033333333 | N76: =IF(AND(H76="PUT", D76="S"), L76-K76, 0) -> 0 | X76: =SUM(M76:S76) -> 0.033333333 | Y76: Cross Country Qualifier
A77: 36559 | B77: =VLOOKUP(F77, Aircraft!A$2:C$99, 2, FALSE) -> PA28 | C77: =VLOOKUP(F77, Aircraft!A$2:C$99, 3, FALSE) -> S | D77: =IF(ISNA(C77), "", C77) -> S | E77: =IF(ISNA(B77), "", B77) -> PA28 | F77: GEKKL | G77: Self | H77: =IF(UPPER(G77)<>"SELF",IF(G77<>"", "PUT", ""),"P1") -> P1 | I77: EGMC | J77: EGMD | K77: 0.49305556 | L77: 0.52013889 | M77: =IF(AND(H77="P1", D77="S"), L77-K77, 0) -> 0.027083333 | N77: =IF(AND(H77="PUT", D77="S"), L77-K77, 0) -> 0 | X77: =SUM(M77:S77) -> 0.027083333
A78: 36559 | B78: =VLOOKUP(F78, Aircraft!A$2:C$99, 2, FALSE) -> PA28 | C78: =VLOOKUP(F78, Aircraft!A$2:C$99, 3, FALSE) -> S | D78: =IF(ISNA(C78), "", C78) -> S | E78: =IF(ISNA(B78), "", B78) -> PA28 | F78: GEKKL | G78: Self | H78: =IF(UPPER(G78)<>"SELF",IF(G78<>"", "PUT", ""),"P1") -> P1 | I78: EGMD | J78: EGKA | K78: 0.53472222 | L78: 0.57083333 | M78: =IF(AND(H78="P1", D78="S"), L78-K78, 0) -> 0.036111111 | N78: =IF(AND(H78="PUT", D78="S"), L78-K78, 0) -> 0 | X78: =SUM(M78:S78) -> 0.036111111
A79: 36559 | B79: =VLOOKUP(F79, Aircraft!A$2:C$99, 2, FALSE) -> PA28 | C79: =VLOOKUP(F79, Aircraft!A$2:C$99, 3, FALSE) -> S | D79: =IF(ISNA(C79), "", C79) -> S | E79: =IF(ISNA(B79), "", B79) -> PA28 | F79: GEKKL | G79: Vickers | H79: =IF(UPPER(G79)<>"SELF",IF(G79<>"", "PUT", ""),"P1") -> PUT | I79: EGKA | J79: EGKA | K79: 0.62152778 | L79: 0.64583333 | M79: =IF(AND(H79="P1", D79="S"), L79-K79, 0) -> 0 | N79: =IF(AND(H79="PUT", D79="S"), L79-K79, 0) -> 0.024305556 | X79: =SUM(M79:S79) -> 0.024305556 | Y79: Ex17, 18c, Skills test revision
A80: 36561 | B80: =VLOOKUP(F80, Aircraft!A$2:C$99, 2, FALSE) -> PA28 | C80: =VLOOKUP(F80, Aircraft!A$2:C$99, 3, FALSE) -> S | D80: =IF(ISNA(C80), "", C80) -> S | E80: =IF(ISNA(B80), "", B80) -> PA28 | F80: GBOJZ | G80: Self | H80: =IF(UPPER(G80)<>"SELF",IF(G80<>"", "PUT", ""),"P1") -> P1 | I80: EGKA | J80: EGKA | K80: 0.54166667 | L80: 0.58680556 | M80: =IF(AND(H80="P1", D80="S"), L80-K80, 0) -> 0.045138889 | N80: =IF(AND(H80="PUT", D80="S"), L80-K80, 0) -> 0 | X80: =SUM(M80:S80) -> 0.045138889 | Y80: Ex 18, local
A81: 36569 | B81: =VLOOKUP(F81, Aircraft!A$2:C$99, 2, FALSE) -> PA28 | C81: =VLOOKUP(F81, Aircraft!A$2:C$99, 3, FALSE) -> S | D81: =IF(ISNA(C81), "", C81) -> S | E81: =IF(ISNA(B81), "", B81) -> PA28 | F81: GRSKR | G81: Self | H81: =IF(UPPER(G81)<>"SELF",IF(G81<>"", "PUT", ""),"P1") -> P1 | I81: EGKA | J81: EGKA | K81: 0.69444444 | L81: 0.72569444 | M81: =IF(AND(H81="P1", D81="S"), L81-K81, 0) -> 0.03125 | N81: =IF(AND(H81="PUT", D81="S"), L81-K81, 0) -> 0 | X81: =SUM(M81:S81) -> 0.03125 | Y81: Ex 18, local
A82: 36575 | B82: =VLOOKUP(F82, Aircraft!A$2:C$99, 2, FALSE) -> PA28 | C82: =VLOOKUP(F82, Aircraft!A$2:C$99, 3, FALSE) -> S | D82: =IF(ISNA(C82), "", C82) -> S | E82: =IF(ISNA(B82), "", B82) -> PA28 | F82: GBOKB | G82: Self | H82: =IF(UPPER(G82)<>"SELF",IF(G82<>"", "PUT", ""),"P1") -> P1 | I82: EGKA | J82: EGKA | K82: 0.55902778 | L82: 0.67013889 | M82: =IF(AND(H82="P1", D82="S"), L82-K82, 0) -> 0.11111111 | N82: =IF(AND(H82="PUT", D82="S"), L82-K82, 0) -> 0 | X82: =SUM(M82:S82) -> 0.11111111 | Y82: Skills Test!!!! - Signed McKinnon
A83: 36576 | B83: =VLOOKUP(F83, Aircraft!A$2:C$99, 2, FALSE) -> PA28 | C83: =VLOOKUP(F83, Aircraft!A$2:C$99, 3, FALSE) -> S | D83: =IF(ISNA(C83), "", C83) -> S | E83: =IF(ISNA(B83), "", B83) -> PA28 | F83: GRSKR | G83: Self | H83: =IF(UPPER(G83)<>"SELF",IF(G83<>"", "PUT", ""),"P1") -> P1 | I83: EGKA | J83: EGHA | K83: 0.5625 | L83: 0.60763889 | M83: =IF(AND(H83="P1", D83="S"), L83-K83, 0) -> 0.045138889 | N83: =IF(AND(H83="PUT", D83="S"), L83-K83, 0) -> 0 | X83: =SUM(M83:S83) -> 0.045138889 | Y83: Transit SAM
A84: 36576 | B84: =VLOOKUP(F84, Aircraft!A$2:C$99, 2, FALSE) -> PA28 | C84: =VLOOKUP(F84, Aircraft!A$2:C$99, 3, FALSE) -> S | D84: =IF(ISNA(C84), "", C84) -> S | E84: =IF(ISNA(B84), "", B84) -> PA28 | F84: GRSKR | G84: Self | H84: =IF(UPPER(G84)<>"SELF",IF(G84<>"", "PUT", ""),"P1") -> P1 | I84: EGHA | J84: EGKA | K84: 0.62847222 | L84: 0.67013889 | M84: =IF(AND(H84="P1", D84="S"), L84-K84, 0) -> 0.041666667 | N84: =IF(AND(H84="PUT", D84="S"), L84-K84, 0) -> 0 | X84: =SUM(M84:S84) -> 0.041666667
A85: 36582 | B85: =VLOOKUP(F85, Aircraft!A$2:C$99, 2, FALSE) -> PA28 | C85: =VLOOKUP(F85, Aircraft!A$2:C$99, 3, FALSE) -> S | D85: =IF(ISNA(C85), "", C85) -> S | E85: =IF(ISNA(B85), "", B85) -> PA28 | F85: GBOKB | G85: Self | H85: =IF(UPPER(G85)<>"SELF",IF(G85<>"", "PUT", ""),"P1") -> P1 | I85: EGKA | J85: EGTK | K85: 0.55555556 | L85: 0.61111111 | M85: =IF(AND(H85="P1", D85="S"), L85-K85, 0) -> 0.055555556 | N85: =IF(AND(H85="PUT", D85="S"), L85-K85, 0) -> 0 | X85: =SUM(M85:S85) -> 0.055555556
A86: 36582 | B86: =VLOOKUP(F86, Aircraft!A$2:C$99, 2, FALSE) -> PA28 | C86: =VLOOKUP(F86, Aircraft!A$2:C$99, 3, FALSE) -> S | D86: =IF(ISNA(C86), "", C86) -> S | E86: =IF(ISNA(B86), "", B86) -> PA28 | F86: GBOKB | G86: Self | H86: =IF(UPPER(G86)<>"SELF",IF(G86<>"", "PUT", ""),"P1") -> P1 | I86: EGTK | J86: EGKA | K86: 0.63888889 | L86: 0.6875 | M86: =IF(AND(H86="P1", D86="S"), L86-K86, 0) -> 0.048611111 | N86: =IF(AND(H86="PUT", D86="S"), L86-K86, 0) -> 0 | X86: =SUM(M86:S86) -> 0.048611111
A87: 36597 | B87: =VLOOKUP(F87, Aircraft!A$2:C$99, 2, FALSE) -> PA28 | C87: =VLOOKUP(F87, Aircraft!A$2:C$99, 3, FALSE) -> S | D87: =IF(ISNA(C87), "", C87) -> S | E87: =IF(ISNA(B87), "", B87) -> PA28 | F87: GBOJZ | G87: Self | H87: =IF(UPPER(G87)<>"SELF",IF(G87<>"", "PUT", ""),"P1") -> P1 | I87: EGKA | J87: EGKA | K87: 0.6875 | L87: 0.73611111 | M87: =IF(AND(H87="P1", D87="S"), L87-K87, 0) -> 0.048611111 | N87: =IF(AND(H87="PUT", D87="S"), L87-K87, 0) -> 0 | X87: =SUM(M87:S87) -> 0.048611111 | Y87: Shm, Bewl, Rye
A88: 36603 | B88: =VLOOKUP(F88, Aircraft!A$2:C$99, 2, FALSE) -> PA28 | C88: =VLOOKUP(F88, Aircraft!A$2:C$99, 3, FALSE) -> S | D88: =IF(ISNA(C88), "", C88) -> S | E88: =IF(ISNA(B88), "", B88) -> PA28 | F88: GEKKL | G88: Self | H88: =IF(UPPER(G88)<>"SELF",IF(G88<>"", "PUT", ""),"P1") -> P1 | I88: EGKA | J88: EGBW | K88: 0.50347222 | L88: 0.56597222 | M88: =IF(AND(H88="P1", D88="S"), L88-K88, 0) -> 0.0625 | N88: =IF(AND(H88="PUT", D88="S"), L88-K88, 0) -> 0 | X88: =SUM(M88:S88) -> 0.0625
A89: 36603 | B89: =VLOOKUP(F89, Aircraft!A$2:C$99, 2, FALSE) -> PA28 | C89: =VLOOKUP(F89, Aircraft!A$2:C$99, 3, FALSE) -> S | D89: =IF(ISNA(C89), "", C89) -> S | E89: =IF(ISNA(B89), "", B89) -> PA28 | F89: GEKKL | G89: Self | H89: =IF(UPPER(G89)<>"SELF",IF(G89<>"", "PUT", ""),"P1") -> P1 | I89: EGBW | J89: EGKA | K89: 0.60208333 | L89: 0.66180556 | M89: =IF(AND(H89="P1", D89="S"), L89-K89, 0) -> 0.059722222 | N89: =IF(AND(H89="PUT", D89="S"), L89-K89, 0) -> 0 | X89: =SUM(M89:S89) -> 0.059722222 | Y89: Ret via Silverstone
A90: 36603 | B90: =VLOOKUP(F90, Aircraft!A$2:C$99, 2, FALSE) -> PA28 | C90: =VLOOKUP(F90, Aircraft!A$2:C$99, 3, FALSE) -> S | D90: =IF(ISNA(C90), "", C90) -> S | E90: =IF(ISNA(B90), "", B90) -> PA28 | F90: GEKKL | G90: Self | H90: =IF(UPPER(G90)<>"SELF",IF(G90<>"", "PUT", ""),"P1") -> P1 | I90: EGKA | J90: EGKA | K90: 0.67222222 | L90: 0.70347222 | M90: =IF(AND(H90="P1", D90="S"), L90-K90, 0) -> 0.03125 | N90: =IF(AND(H90="PUT", D90="S"), L90-K90, 0) -> 0 | X90: =SUM(M90:S90) -> 0.03125 | Y90: 4+1 with Mitchell
A91: 36611 | B91: =VLOOKUP(F91, Aircraft!A$2:C$99, 2, FALSE) -> PA28 | C91: =VLOOKUP(F91, Aircraft!A$2:C$99, 3, FALSE) -> S | D91: =IF(ISNA(C91), "", C91) -> S | E91: =IF(ISNA(B91), "", B91) -> PA28 | F91: GBOKB | G91: Self | H91: =IF(UPPER(G91)<>"SELF",IF(G91<>"", "PUT", ""),"P1") -> P1 | I91: EGKA | J91: EGHR | K91: 0.46180556 | L91: 0.48055556 | M91: =IF(AND(H91="P1", D91="S"), L91-K91, 0) -> 0.01875 | N91: =IF(AND(H91="PUT", D91="S"), L91-K91, 0) -> 0 | X91: =SUM(M91:S91) -> 0.01875
A92: 36611 | B92: =VLOOKUP(F92, Aircraft!A$2:C$99, 2, FALSE) -> PA28 | C92: =VLOOKUP(F92, Aircraft!A$2:C$99, 3, FALSE) -> S | D92: =IF(ISNA(C92), "", C92) -> S | E92: =IF(ISNA(B92), "", B92) -> PA28 | F92: GBOKB | G92: Self | H92: =IF(UPPER(G92)<>"SELF",IF(G92<>"", "PUT", ""),"P1") -> P1 | I92: EGHR | J92: EGHR | K92: 0.49305556 | L92: 0.51388889 | M92: =IF(AND(H92="P1", D92="S"), L92-K92, 0) -> 0.020833333 | N92: =IF(AND(H92="PUT", D92="S"), L92-K92, 0) -> 0 | X92: =SUM(M92:S92) -> 0.020833333 | Y92: 2+1 Rough Engine
A93: 36611 | B93: =VLOOKUP(F93, Aircraft!A$2:C$99, 2, FALSE) -> PA28 | C93: =VLOOKUP(F93, Aircraft!A$2:C$99, 3, FALSE) -> S | D93: =IF(ISNA(C93), "", C93) -> S | E93: =IF(ISNA(B93), "", B93) -> PA28 | F93: GBOKB | G93: Self | H93: =IF(UPPER(G93)<>"SELF",IF(G93<>"", "PUT", ""),"P1") -> P1 | I93: EGHR | J93: EGKA | K93: 0.55902778 | L93: 0.57638889 | M93: =IF(AND(H93="P1", D93="S"), L93-K93, 0) -> 0.017361111 | N93: =IF(AND(H93="PUT", D93="S"), L93-K93, 0) -> 0 | X93: =SUM(M93:S93) -> 0.017361111
A94: 36616 | B94: =VLOOKUP(F94, Aircraft!A$2:C$99, 2, FALSE) -> PA28 | C94: =VLOOKUP(F94, Aircraft!A$2:C$99, 3, FALSE) -> S | D94: =IF(ISNA(C94), "", C94) -> S | E94: =IF(ISNA(B94), "", B94) -> PA28 | F94: GBOJZ | G94: Self | H94: =IF(UPPER(G94)<>"SELF",IF(G94<>"", "PUT", ""),"P1") -> P1 | I94: EGKA | J94: EGKA | K94: 0.65972222 | L94: 0.71180556 | M94: =IF(AND(H94="P1", D94="S"), L94-K94, 0) -> 0.052083333 | N94: =IF(AND(H94="PUT", D94="S"), L94-K94, 0) -> 0 | X94: =SUM(M94:S94) -> 0.052083333 | Y94: 4+1
A95: 36617 | B95: =VLOOKUP(F95, Aircraft!A$2:C$99, 2, FALSE) -> PA28 | C95: =VLOOKUP(F95, Aircraft!A$2:C$99, 3, FALSE) -> S | D95: =IF(ISNA(C95), "", C95) -> S | E95: =IF(ISNA(B95), "", B95) -> PA28 | F95: GEKKL | G95: Self | H95: =IF(UPPER(G95)<>"SELF",IF(G95<>"", "PUT", ""),"P1") -> P1 | I95: EGKA | J95: EGKA | K95: 0.44791667 | L95: 0.48611111 | M95: =IF(AND(H95="P1", D95="S"), L95-K95, 0) -> 0.038194444 | N95: =IF(AND(H95="PUT", D95="S"), L95-K95, 0) -> 0 | X95: =SUM(M95:S95) -> 0.038194444 | Y95: To Lydd but turned back
A96: 36618 | B96: =VLOOKUP(F96, Aircraft!A$2:C$99, 2, FALSE) -> PA28 | C96: =VLOOKUP(F96, Aircraft!A$2:C$99, 3, FALSE) -> S | D96: =IF(ISNA(C96), "", C96) -> S | E96: =IF(ISNA(B96), "", B96) -> PA28 | F96: GEKKL | G96: Self | H96: =IF(UPPER(G96)<>"SELF",IF(G96<>"", "PUT", ""),"P1") -> P1 | I96: EGKA | J96: EGKA | K96: 0.51041667 | L96: 0.54513889 | M96: =IF(AND(H96="P1", D96="S"), L96-K96, 0) -> 0.034722222 | N96: =IF(AND(H96="PUT", D96="S"), L96-K96, 0) -> 0 | X96: =SUM(M96:S96) -> 0.034722222 | Y96: Local with H & Warren
A97: 36624 | B97: =VLOOKUP(F97, Aircraft!A$2:C$99, 2, FALSE) -> PA28 | C97: =VLOOKUP(F97, Aircraft!A$2:C$99, 3, FALSE) -> S | D97: =IF(ISNA(C97), "", C97) -> S | E97: =IF(ISNA(B97), "", B97) -> PA28 | F97: GBPDU | G97: Self | H97: =IF(UPPER(G97)<>"SELF",IF(G97<>"", "PUT", ""),"P1") -> P1 | I97: EGKA | J97: EGBW | K97: 0.44097222 | L97: 0.5 | M97: =IF(AND(H97="P1", D97="S"), L97-K97, 0) -> 0.059027778 | N97: =IF(AND(H97="PUT", D97="S"), L97-K97, 0) -> 0 | X97: =SUM(M97:S97) -> 0.059027778
A98: 36624 | B98: =VLOOKUP(F98, Aircraft!A$2:C$99, 2, FALSE) -> PA28 | C98: =VLOOKUP(F98, Aircraft!A$2:C$99, 3, FALSE) -> S | D98: =IF(ISNA(C98), "", C98) -> S | E98: =IF(ISNA(B98), "", B98) -> PA28 | F98: GBPDU | G98: Self | H98: =IF(UPPER(G98)<>"SELF",IF(G98<>"", "PUT", ""),"P1") -> P1 | I98: EGBW | J98: EGKA | K98: 0.51388889 | L98: 0.56597222 | M98: =IF(AND(H98="P1", D98="S"), L98-K98, 0) -> 0.052083333 | N98: =IF(AND(H98="PUT", D98="S"), L98-K98, 0) -> 0 | X98: =SUM(M98:S98) -> 0.052083333
A99: 36625 | B99: =VLOOKUP(F99, Aircraft!A$2:C$99, 2, FALSE) -> PA28 | C99: =VLOOKUP(F99, Aircraft!A$2:C$99, 3, FALSE) -> S | D99: =IF(ISNA(C99), "", C99) -> S | E99: =IF(ISNA(B99), "", B99) -> PA28 | F99: GBOKB | G99: Self | H99: =IF(UPPER(G99)<>"SELF",IF(G99<>"", "PUT", ""),"P1") -> P1 | I99: EGKA | J99: EGKA | K99: 0.55902778 | L99: 0.61111111 | M99: =IF(AND(H99="P1", D99="S"), L99-K99, 0) -> 0.052083333 | N99: =IF(AND(H99="PUT", D99="S"), L99-K99, 0) -> 0 | X99: =SUM(M99:S99) -> 0.052083333 | Y99: Local with Karen & Paul
A100: 36625 | B100: =VLOOKUP(F100, Aircraft!A$2:C$99, 2, FALSE) -> PA28 | C100: =VLOOKUP(F100, Aircraft!A$2:C$99, 3, FALSE) -> S | D100: =IF(ISNA(C100), "", C100) -> S | E100: =IF(ISNA(B100), "", B100) -> PA28 | F100: GBOKB | G100: Self | H100: =IF(UPPER(G100)<>"SELF",IF(G100<>"", "PUT", ""),"P1") -> P1 | I100: EGKA | J100: EGMD | K100: 0.66666667 | L100: 0.70486111 | M100: =IF(AND(H100="P1", D100="S"), L100-K100, 0) -> 0.038194444 | N100: =IF(AND(H100="PUT", D100="S"), L100-K100, 0) -> 0 | X100: =SUM(M100:S100) -> 0.038194444
A101: 36625 | B101: =VLOOKUP(F101, Aircraft!A$2:C$99, 2, FALSE) -> PA28 | C101: =VLOOKUP(F101, Aircraft!A$2:C$99, 3, FALSE) -> S | D101: =IF(ISNA(C101), "", C101) -> S | E101: =IF(ISNA(B101), "", B101) -> PA28 | F101: GBOKB | G101: Self | H101: =IF(UPPER(G101)<>"SELF",IF(G101<>"", "PUT", ""),"P1") -> P1 | I101: EGMD | J101: EGKA | K101: 0.72083333 | L101: 0.74861111 | M101: =IF(AND(H101="P1", D101="S"), L101-K101, 0) -> 0.027777778 | N101: =IF(AND(H101="PUT", D101="S"), L101-K101, 0) -> 0 | X101: =SUM(M101:S101) -> 0.027777778
A102: 36626 | B102: =VLOOKUP(F102, Aircraft!A$2:C$99, 2, FALSE) -> PA28 | C102: =VLOOKUP(F102, Aircraft!A$2:C$99, 3, FALSE) -> S | D102: =IF(ISNA(C102), "", C102) -> S | E102: =IF(ISNA(B102), "", B102) -> PA28 | F102: GBOKB | G102: Self | H102: =IF(UPPER(G102)<>"SELF",IF(G102<>"", "PUT", ""),"P1") -> P1 | I102: EGKA | J102: EGBW | K102: 0.52777778 | L102: 0.57986111 | M102: =IF(AND(H102="P1", D102="S"), L102-K102, 0) -> 0.052083333 | N102: =IF(AND(H102="PUT", D102="S"), L102-K102, 0) -> 0 | X102: =SUM(M102:S102) -> 0.052083333
A103: 36626 | B103: =VLOOKUP(F103, Aircraft!A$2:C$99, 2, FALSE) -> PA28 | C103: =VLOOKUP(F103, Aircraft!A$2:C$99, 3, FALSE) -> S | D103: =IF(ISNA(C103), "", C103) -> S | E103: =IF(ISNA(B103), "", B103) -> PA28 | F103: GBOKB | G103: Self | H103: =IF(UPPER(G103)<>"SELF",IF(G103<>"", "PUT", ""),"P1") -> P1 | I103: EGBW | J103: EGBS | K103: 0.64097222 | L103: 0.67013889 | M103: =IF(AND(H103="P1", D103="S"), L103-K103, 0) -> 0.029166667 | N103: =IF(AND(H103="PUT", D103="S"), L103-K103, 0) -> 0 | X103: =SUM(M103:S103) -> 0.029166667
A104: 36626 | B104: =VLOOKUP(F104, Aircraft!A$2:C$99, 2, FALSE) -> PA28 | C104: =VLOOKUP(F104, Aircraft!A$2:C$99, 3, FALSE) -> S | D104: =IF(ISNA(C104), "", C104) -> S | E104: =IF(ISNA(B104), "", B104) -> PA28 | F104: GBOKB | G104: Self | H104: =IF(UPPER(G104)<>"SELF",IF(G104<>"", "PUT", ""),"P1") -> P1 | I104: EGBS | J104: EGKA | K104: 0.69097222 | L104: 0.74861111 | M104: =IF(AND(H104="P1", D104="S"), L104-K104, 0) -> 0.057638889 | N104: =IF(AND(H104="PUT", D104="S"), L104-K104, 0) -> 0 | X104: =SUM(M104:S104) -> 0.057638889
A105: 36632 | B105: =VLOOKUP(F105, Aircraft!A$2:C$99, 2, FALSE) -> PA28 | C105: =VLOOKUP(F105, Aircraft!A$2:C$99, 3, FALSE) -> S | D105: =IF(ISNA(C105), "", C105) -> S | E105: =IF(ISNA(B105), "", B105) -> PA28 | F105: GBPDU | G105: Self | H105: =IF(UPPER(G105)<>"SELF",IF(G105<>"", "PUT", ""),"P1") -> P1 | I105: EGKA | J105: EGKA | K105: 0.68402778 | L105: 0.69930556 | M105: =IF(AND(H105="P1", D105="S"), L105-K105, 0) -> 0.015277778 | N105: =IF(AND(H105="PUT", D105="S"), L105-K105, 0) -> 0 | X105: =SUM(M105:S105) -> 0.015277778 | Y105: With Russ - Abandoned
A106: 36633 | B106: =VLOOKUP(F106, Aircraft!A$2:C$99, 2, FALSE) -> PA28 | C106: =VLOOKUP(F106, Aircraft!A$2:C$99, 3, FALSE) -> S | D106: =IF(ISNA(C106), "", C106) -> S | E106: =IF(ISNA(B106), "", B106) -> PA28 | F106: GBPDU | G106: McKinnon | H106: =IF(UPPER(G106)<>"SELF",IF(G106<>"", "PUT", ""),"P1") -> PUT | I106: EGKA | J106: EGKA | K106: 0.62152778 | L106: 0.66666667 | M106: =IF(AND(H106="P1", D106="S"), L106-K106, 0) -> 0 | N106: =IF(AND(H106="PUT", D106="S"), L106-K106, 0) -> 0.045138889 | U106: 0.9 | X106: =SUM(M106:S106) -> 0.045138889 | Y106: Ex 19a
A107: 36633 | B107: =VLOOKUP(F107, Aircraft!A$2:C$99, 2, FALSE) -> PA28 | C107: =VLOOKUP(F107, Aircraft!A$2:C$99, 3, FALSE) -> S | D107: =IF(ISNA(C107), "", C107) -> S | E107: =IF(ISNA(B107), "", B107) -> PA28 | F107: GBPDU | G107: McKinnon | H107: =IF(UPPER(G107)<>"SELF",IF(G107<>"", "PUT", ""),"P1") -> PUT | I107: EGKA | J107: EGKA | K107: 0.67013889 | L107: 0.71527778 | M107: =IF(AND(H107="P1", D107="S"), L107-K107, 0) -> 0 | N107: =IF(AND(H107="PUT", D107="S"), L107-K107, 0) -> 0.045138889 | U107: 0.9 | X107: =SUM(M107:S107) -> 0.045138889 | Y107: Ex 19a, b
A108: 36633 | B108: =VLOOKUP(F108, Aircraft!A$2:C$99, 2, FALSE) -> PA28 | C108: =VLOOKUP(F108, Aircraft!A$2:C$99, 3, FALSE) -> S | D108: =IF(ISNA(C108), "", C108) -> S | E108: =IF(ISNA(B108), "", B108) -> PA28 | F108: GBPDU | G108: McKinnon | H108: =IF(UPPER(G108)<>"SELF",IF(G108<>"", "PUT", ""),"P1") -> PUT | I108: EGKA | J108: EGKA | K108: 0.75 | L108: 0.78819444 | M108: =IF(AND(H108="P1", D108="S"), L108-K108, 0) -> 0 | N108: =IF(AND(H108="PUT", D108="S"), L108-K108, 0) -> 0.038194444 | U108: 0.7 | X108: =SUM(M108:S108) -> 0.038194444 | Y108: Compass & Timed Turns
A109: 36634 | B109: =VLOOKUP(F109, Aircraft!A$2:C$99, 2, FALSE) -> PA28 | C109: =VLOOKUP(F109, Aircraft!A$2:C$99, 3, FALSE) -> S | D109: =IF(ISNA(C109), "", C109) -> S | E109: =IF(ISNA(B109), "", B109) -> PA28 | F109: GBOKB | G109: McKinnon | H109: =IF(UPPER(G109)<>"SELF",IF(G109<>"", "PUT", ""),"P1") -> PUT | I109: EGKA | J109: EGKA | K109: 0.47569444 | L109: 0.52430556 | M109: =IF(AND(H109="P1", D109="S"), L109-K109, 0) -> 0 | N109: =IF(AND(H109="PUT", D109="S"), L109-K109, 0) -> 0.048611111 | U109: 1.1 | X109: =SUM(M109:S109) -> 0.048611111 | Y109: VOR Tracking and Intro to SRA
A110: 36634 | B110: =VLOOKUP(F110, Aircraft!A$2:C$99, 2, FALSE) -> PA28 | C110: =VLOOKUP(F110, Aircraft!A$2:C$99, 3, FALSE) -> S | D110: =IF(ISNA(C110), "", C110) -> S | E110: =IF(ISNA(B110), "", B110) -> PA28 | F110: GBOKB | G110: McKinnon | H110: =IF(UPPER(G110)<>"SELF",IF(G110<>"", "PUT", ""),"P1") -> PUT | I110: EGKA | J110: EGKA | K110: 0.54861111 | L110: 0.60416667 | M110: =IF(AND(H110="P1", D110="S"), L110-K110, 0) -> 0 | N110: =IF(AND(H110="PUT", D110="S"), L110-K110, 0) -> 0.055555556 | U110: 1.1 | X110: =SUM(M110:S110) -> 0.055555556 | Y110: NDB Tracking
A111: 36634 | B111: =VLOOKUP(F111, Aircraft!A$2:C$99, 2, FALSE) -> PA28 | C111: =VLOOKUP(F111, Aircraft!A$2:C$99, 3, FALSE) -> S | D111: =IF(ISNA(C111), "", C111) -> S | E111: =IF(ISNA(B111), "", B111) -> PA28 | F111: GBOKB | G111: McKinnon | H111: =IF(UPPER(G111)<>"SELF",IF(G111<>"", "PUT", ""),"P1") -> PUT | I111: EGKA | J111: EGKA | K111: 0.66666667 | L111: 0.71527778 | M111: =IF(AND(H111="P1", D111="S"), L111-K111, 0) -> 0 | N111: =IF(AND(H111="PUT", D111="S"), L111-K111, 0) -> 0.048611111 | U111: 0.9 | X111: =SUM(M111:S111) -> 0.048611111 | Y111: VOR Holds
A112: 36635 | B112: =VLOOKUP(F112, Aircraft!A$2:C$99, 2, FALSE) -> PA28 | C112: =VLOOKUP(F112, Aircraft!A$2:C$99, 3, FALSE) -> S | D112: =IF(ISNA(C112), "", C112) -> S | E112: =IF(ISNA(B112), "", B112) -> PA28 | F112: GBOKB | G112: Vickers | H112: =IF(UPPER(G112)<>"SELF",IF(G112<>"", "PUT", ""),"P1") -> PUT | I112: EGKA | J112: EGMD | K112: 0.43055556 | L112: 0.45833333 | M112: =IF(AND(H112="P1", D112="S"), L112-K112, 0) -> 0 | N112: =IF(AND(H112="PUT", D112="S"), L112-K112, 0) -> 0.027777778 | U112: 0.4 | X112: =SUM(M112:S112) -> 0.027777778 | Y112: VOR Tracking and Intro to SRA
A113: 36635 | B113: =VLOOKUP(F113, Aircraft!A$2:C$99, 2, FALSE) -> PA28 | C113: =VLOOKUP(F113, Aircraft!A$2:C$99, 3, FALSE) -> S | D113: =IF(ISNA(C113), "", C113) -> S | E113: =IF(ISNA(B113), "", B113) -> PA28 | F113: GBOKB | G113: Vickers | H113: =IF(UPPER(G113)<>"SELF",IF(G113<>"", "PUT", ""),"P1") -> PUT | I113: EGMD | J113: EGKA | K113: 0.50347222 | L113: 0.56597222 | M113: =IF(AND(H113="P1", D113="S"), L113-K113, 0) -> 0 | N113: =IF(AND(H113="PUT", D113="S"), L113-K113, 0) -> 0.0625 | U113: 1.3 | X113: =SUM(M113:S113) -> 0.0625 | Y113: VOR Holds + MAP
A114: 36635 | B114: =VLOOKUP(F114, Aircraft!A$2:C$99, 2, FALSE) -> PA28 | C114: =VLOOKUP(F114, Aircraft!A$2:C$99, 3, FALSE) -> S | D114: =IF(ISNA(C114), "", C114) -> S | E114: =IF(ISNA(B114), "", B114) -> PA28 | F114: GBOKB | G114: Self | H114: =IF(UPPER(G114)<>"SELF",IF(G114<>"", "PUT", ""),"P1") -> P1 | I114: EGKA | J114: EGHJ | K114: 0.59027778 | L114: 0.61805556 | M114: =IF(AND(H114="P1", D114="S"), L114-K114, 0) -> 0.027777778 | N114: =IF(AND(H114="PUT", D114="S"), L114-K114, 0) -> 0 | X114: =SUM(M114:S114) -> 0.027777778
A115: 36635 | B115: =VLOOKUP(F115, Aircraft!A$2:C$99, 2, FALSE) -> PA28 | C115: =VLOOKUP(F115, Aircraft!A$2:C$99, 3, FALSE) -> S | D115: =IF(ISNA(C115), "", C115) -> S | E115: =IF(ISNA(B115), "", B115) -> PA28 | F115: GBOKB | G115: Self | H115: =IF(UPPER(G115)<>"SELF",IF(G115<>"", "PUT", ""),"P1") -> P1 | I115: EGHJ | J115: EGKA | K115: 0.62847222 | L115: 0.65277778 | M115: =IF(AND(H115="P1", D115="S"), L115-K115, 0) -> 0.024305556 | N115: =IF(AND(H115="PUT", D115="S"), L115-K115, 0) -> 0 | X115: =SUM(M115:S115) -> 0.024305556
A116: 36635 | B116: =VLOOKUP(F116, Aircraft!A$2:C$99, 2, FALSE) -> PA28 | C116: =VLOOKUP(F116, Aircraft!A$2:C$99, 3, FALSE) -> S | D116: =IF(ISNA(C116), "", C116) -> S | E116: =IF(ISNA(B116), "", B116) -> PA28 | F116: GBOKB | G116: Vickers | H116: =IF(UPPER(G116)<>"SELF",IF(G116<>"", "PUT", ""),"P1") -> PUT | I116: EGKA | J116: EGKA | K116: 0.72569444 | L116: 0.77777778 | M116: =IF(AND(H116="P1", D116="S"), L116-K116, 0) -> 0 | N116: =IF(AND(H116="PUT", D116="S"), L116-K116, 0) -> 0.052083333 | U116: 1 | X116: =SUM(M116:S116) -> 0.052083333 | Y116: NDB Holds + Approach
A117: 36645 | B117: =VLOOKUP(F117, Aircraft!A$2:C$99, 2, FALSE) -> PA28 | C117: =VLOOKUP(F117, Aircraft!A$2:C$99, 3, FALSE) -> S | D117: =IF(ISNA(C117), "", C117) -> S | E117: =IF(ISNA(B117), "", B117) -> PA28 | F117: GBOJZ | G117: Self | H117: =IF(UPPER(G117)<>"SELF",IF(G117<>"", "PUT", ""),"P1") -> P1 | I117: EGKA | J117: EGHA | K117: 0.57638889 | L117: 0.625 | M117: =IF(AND(H117="P1", D117="S"), L117-K117, 0) -> 0.048611111 | N117: =IF(AND(H117="PUT", D117="S"), L117-K117, 0) -> 0 | X117: =SUM(M117:S117) -> 0.048611111 | Y117: With H
A118: 36645 | B118: =VLOOKUP(F118, Aircraft!A$2:C$99, 2, FALSE) -> PA28 | C118: =VLOOKUP(F118, Aircraft!A$2:C$99, 3, FALSE) -> S | D118: =IF(ISNA(C118), "", C118) -> S | E118: =IF(ISNA(B118), "", B118) -> PA28 | F118: GBOJZ | G118: Self | H118: =IF(UPPER(G118)<>"SELF",IF(G118<>"", "PUT", ""),"P1") -> P1 | I118: EGHA | J118: EGKA | K118: 0.65972222 | L118: 0.69791667 | M118: =IF(AND(H118="P1", D118="S"), L118-K118, 0) -> 0.038194444 | N118: =IF(AND(H118="PUT", D118="S"), L118-K118, 0) -> 0 | X118: =SUM(M118:S118) -> 0.038194444
A119: 36646 | B119: =VLOOKUP(F119, Aircraft!A$2:C$99, 2, FALSE) -> PA28 | C119: =VLOOKUP(F119, Aircraft!A$2:C$99, 3, FALSE) -> S | D119: =IF(ISNA(C119), "", C119) -> S | E119: =IF(ISNA(B119), "", B119) -> PA28 | F119: GBOJZ | G119: Self | H119: =IF(UPPER(G119)<>"SELF",IF(G119<>"", "PUT", ""),"P1") -> P1 | I119: EGKA | J119: EGLM | K119: 0.45486111 | L119: 0.49652778 | M119: =IF(AND(H119="P1", D119="S"), L119-K119, 0) -> 0.041666667 | N119: =IF(AND(H119="PUT", D119="S"), L119-K119, 0) -> 0 | X119: =SUM(M119:S119) -> 0.041666667
A120: 36646 | B120: =VLOOKUP(F120, Aircraft!A$2:C$99, 2, FALSE) -> PA28 | C120: =VLOOKUP(F120, Aircraft!A$2:C$99, 3, FALSE) -> S | D120: =IF(ISNA(C120), "", C120) -> S | E120: =IF(ISNA(B120), "", B120) -> PA28 | F120: GBOJZ | G120: Self | H120: =IF(UPPER(G120)<>"SELF",IF(G120<>"", "PUT", ""),"P1") -> P1 | I120: EGLM | J120: EGKA | K120: 0.51736111 | L120: 0.55208333 | M120: =IF(AND(H120="P1", D120="S"), L120-K120, 0) -> 0.034722222 | N120: =IF(AND(H120="PUT", D120="S"), L120-K120, 0) -> 0 | X120: =SUM(M120:S120) -> 0.034722222
A121: 36647 | B121: =VLOOKUP(F121, Aircraft!A$2:C$99, 2, FALSE) -> PA28 | C121: =VLOOKUP(F121, Aircraft!A$2:C$99, 3, FALSE) -> S | D121: =IF(ISNA(C121), "", C121) -> S | E121: =IF(ISNA(B121), "", B121) -> PA28 | F121: GBOKB | G121: McKinnon | H121: =IF(UPPER(G121)<>"SELF",IF(G121<>"", "PUT", ""),"P1") -> PUT | I121: EGKA | J121: EGKA | K121: 0.40625 | L121: 0.44444444 | M121: =IF(AND(H121="P1", D121="S"), L121-K121, 0) -> 0 | N121: =IF(AND(H121="PUT", D121="S"), L121-K121, 0) -> 0.038194444 | U121: 0.7 | X121: =SUM(M121:S121) -> 0.038194444 | Y121: NDB Holds + App to 03
A122: 36647 | B122: =VLOOKUP(F122, Aircraft!A$2:C$99, 2, FALSE) -> PA28 | C122: =VLOOKUP(F122, Aircraft!A$2:C$99, 3, FALSE) -> S | D122: =IF(ISNA(C122), "", C122) -> S | E122: =IF(ISNA(B122), "", B122) -> PA28 | F122: GEKKL | G122: McKinnon | H122: =IF(UPPER(G122)<>"SELF",IF(G122<>"", "PUT", ""),"P1") -> PUT | I122: EGKA | J122: EGHH | K122: 0.51041667 | L122: 0.59375 | M122: =IF(AND(H122="P1", D122="S"), L122-K122, 0) -> 0 | N122: =IF(AND(H122="PUT", D122="S"), L122-K122, 0) -> 0.083333333 | U122: 1.8 | X122: =SUM(M122:S122) -> 0.083333333 | Y122: Holds at BIA, Proc ILS to 08, R Vec ILS to 08, Signed
A123: 36647 | B123: =VLOOKUP(F123, Aircraft!A$2:C$99, 2, FALSE) -> PA28 | C123: =VLOOKUP(F123, Aircraft!A$2:C$99, 3, FALSE) -> S | D123: =IF(ISNA(C123), "", C123) -> S | E123: =IF(ISNA(B123), "", B123) -> PA28 | F123: GEKKL | G123: McKinnon | H123: =IF(UPPER(G123)<>"SELF",IF(G123<>"", "PUT", ""),"P1") -> PUT | I123: EGHH | J123: EGKA | K123: 0.67013889 | L123: 0.71180556 | M123: =IF(AND(H123="P1", D123="S"), L123-K123, 0) -> 0 | N123: =IF(AND(H123="PUT", D123="S"), L123-K123, 0) -> 0.041666667 | X123: =SUM(M123:S123) -> 0.041666667 | Y123: Advanced Effects of Controls!!! - Low Level
A124: 36648 | B124: =VLOOKUP(F124, Aircraft!A$2:C$99, 2, FALSE) -> PA28 | C124: =VLOOKUP(F124, Aircraft!A$2:C$99, 3, FALSE) -> S | D124: =IF(ISNA(C124), "", C124) -> S | E124: =IF(ISNA(B124), "", B124) -> PA28 | F124: GEKKL | G124: Self | H124: =IF(UPPER(G124)<>"SELF",IF(G124<>"", "PUT", ""),"P1") -> P1 | I124: EGKA | J124: EGKA | K124: 0.39375 | L124: 0.42708333 | M124: =IF(AND(H124="P1", D124="S"), L124-K124, 0) -> 0.033333333 | N124: =IF(AND(H124="PUT", D124="S"), L124-K124, 0) -> 0 | X124: =SUM(M124:S124) -> 0.033333333 | Y124: Abandoned flight to Gloucester, Plymouth
A125: 36648 | B125: =VLOOKUP(F125, Aircraft!A$2:C$99, 2, FALSE) -> PA28 | C125: =VLOOKUP(F125, Aircraft!A$2:C$99, 3, FALSE) -> S | D125: =IF(ISNA(C125), "", C125) -> S | E125: =IF(ISNA(B125), "", B125) -> PA28 | F125: GEKKL | G125: McKinnon | H125: =IF(UPPER(G125)<>"SELF",IF(G125<>"", "PUT", ""),"P1") -> PUT | I125: EGKA | J125: EGKA | K125: 0.47916667 | L125: 0.52777778 | M125: =IF(AND(H125="P1", D125="S"), L125-K125, 0) -> 0 | N125: =IF(AND(H125="PUT", D125="S"), L125-K125, 0) -> 0.048611111 | U125: 1 | X125: =SUM(M125:S125) -> 0.048611111 | Y125: SRA + Rad Vec ILS @ Dunsfolds, Signed
A126: 36694 | B126: =VLOOKUP(F126, Aircraft!A$2:C$99, 2, FALSE) -> PA28 | C126: =VLOOKUP(F126, Aircraft!A$2:C$99, 3, FALSE) -> S | D126: =IF(ISNA(C126), "", C126) -> S | E126: =IF(ISNA(B126), "", B126) -> PA28 | F126: GBUIK | G126: Self | H126: =IF(UPPER(G126)<>"SELF",IF(G126<>"", "PUT", ""),"P1") -> P1 | I126: EGKA | J126: EGKA | K126: 0.39375 | L126: 0.45277778 | M126: =IF(AND(H126="P1", D126="S"), L126-K126, 0) -> 0.059027778 | N126: =IF(AND(H126="PUT", D126="S"), L126-K126, 0) -> 0 | X126: =SUM(M126:S126) -> 0.059027778 | Y126: Abandoned Landing @ Lydd
A127: 36694 | B127: =VLOOKUP(F127, Aircraft!A$2:C$99, 2, FALSE) -> PA28-235 | C127: =VLOOKUP(F127, Aircraft!A$2:C$99, 3, FALSE) -> S | D127: =IF(ISNA(C127), "", C127) -> S | E127: =IF(ISNA(B127), "", B127) -> PA28-235 | F127: GAWSM | G127: McKinnon | H127: =IF(UPPER(G127)<>"SELF",IF(G127<>"", "PUT", ""),"P1") -> PUT | I127: EGKA | J127: EGKA | K127: 0.55555556 | L127: 0.61458333 | M127: =IF(AND(H127="P1", D127="S"), L127-K127, 0) -> 0 | N127: =IF(AND(H127="PUT", D127="S"), L127-K127, 0) -> 0.059027778 | U127: 0.7 | X127: =SUM(M127:S127) -> 0.059027778 | Y127: IMC Proc turns, Revision 19a, b + VP Differences training, Signed
A128: 36708 | B128: =VLOOKUP(F128, Aircraft!A$2:C$99, 2, FALSE) -> PA28-235 | C128: =VLOOKUP(F128, Aircraft!A$2:C$99, 3, FALSE) -> S | D128: =IF(ISNA(C128), "", C128) -> S | E128: =IF(ISNA(B128), "", B128) -> PA28-235 | F128: GAWSM | G128: McKinnon | H128: =IF(UPPER(G128)<>"SELF",IF(G128<>"", "PUT", ""),"P1") -> PUT | I128: EGKA | J128: EGKA | K128: 0.63194444 | L128: 0.68055556 | M128: =IF(AND(H128="P1", D128="S"), L128-K128, 0) -> 0 | N128: =IF(AND(H128="PUT", D128="S"), L128-K128, 0) -> 0.048611111 | U128: 0.9 | X128: =SUM(M128:S128) -> 0.048611111 | Y128: VOR Tracking, 4 Holds, NDB App 21
A129: 36709 | B129: =VLOOKUP(F129, Aircraft!A$2:C$99, 2, FALSE) -> PA28-235 | C129: =VLOOKUP(F129, Aircraft!A$2:C$99, 3, FALSE) -> S | D129: =IF(ISNA(C129), "", C129) -> S | E129: =IF(ISNA(B129), "", B129) -> PA28-235 | F129: GAWSM | G129: Self | H129: =IF(UPPER(G129)<>"SELF",IF(G129<>"", "PUT", ""),"P1") -> P1 | I129: EGKA | J129: EGKA | K129: 0.51388889 | L129: 0.53472222 | M129: =IF(AND(H129="P1", D129="S"), L129-K129, 0) -> 0.020833333 | N129: =IF(AND(H129="PUT", D129="S"), L129-K129, 0) -> 0 | X129: =SUM(M129:S129) -> 0.020833333 | Y129: Local, Abandoned tough running
A130: 36716 | B130: =VLOOKUP(F130, Aircraft!A$2:C$99, 2, FALSE) -> AA-5 | C130: =VLOOKUP(F130, Aircraft!A$2:C$99, 3, FALSE) -> S | D130: =IF(ISNA(C130), "", C130) -> S | E130: =IF(ISNA(B130), "", B130) -> AA-5 | F130: GBBCZ | G130: McKinnon | H130: =IF(UPPER(G130)<>"SELF",IF(G130<>"", "PUT", ""),"P1") -> PUT | I130: EGKA | J130: EGKA | K130: 0.46527778 | L130: 0.51041667 | M130: =IF(AND(H130="P1", D130="S"), L130-K130, 0) -> 0 | N130: =IF(AND(H130="PUT", D130="S"), L130-K130, 0) -> 0.045138889 | U130: 0.9 | X130: =SUM(M130:S130) -> 0.045138889 | Y130: VOR tracking, NDB SHM + VDF Letdown, Signed
A131: 36722 | B131: =VLOOKUP(F131, Aircraft!A$2:C$99, 2, FALSE) -> PA28-235 | C131: =VLOOKUP(F131, Aircraft!A$2:C$99, 3, FALSE) -> S | D131: =IF(ISNA(C131), "", C131) -> S | E131: =IF(ISNA(B131), "", B131) -> PA28-235 | F131: GAWSM | G131: McKinnon | H131: =IF(UPPER(G131)<>"SELF",IF(G131<>"", "PUT", ""),"P1") -> PUT | I131: EGKA | J131: EGKA | K131: 0.42361111 | L131: 0.46180556 | M131: =IF(AND(H131="P1", D131="S"), L131-K131, 0) -> 0 | N131: =IF(AND(H131="PUT", D131="S"), L131-K131, 0) -> 0.038194444 | U131: 0.8 | X131: =SUM(M131:S131) -> 0.038194444 | Y131: IMC Revision
A132: 36722 | B132: =VLOOKUP(F132, Aircraft!A$2:C$99, 2, FALSE) -> Archer-III | C132: =VLOOKUP(F132, Aircraft!A$2:C$99, 3, FALSE) -> S | D132: =IF(ISNA(C132), "", C132) -> S | E132: =IF(ISNA(B132), "", B132) -> Archer-III | F132: GBZHK | G132: McKinnon | H132: =IF(UPPER(G132)<>"SELF",IF(G132<>"", "PUT", ""),"P1") -> PUT | I132: EGKA | J132: EGKA | K132: 0.51388889 | L132: 0.55208333 | M132: =IF(AND(H132="P1", D132="S"), L132-K132, 0) -> 0 | N132: =IF(AND(H132="PUT", D132="S"), L132-K132, 0) -> 0.038194444 | U132: 0.7 | X132: =SUM(M132:S132) -> 0.038194444 | Y132: VDF Proc 03, Compas Turns
A133: 36722 | B133: =VLOOKUP(F133, Aircraft!A$2:C$99, 2, FALSE) -> Archer-III | C133: =VLOOKUP(F133, Aircraft!A$2:C$99, 3, FALSE) -> S | D133: =IF(ISNA(C133), "", C133) -> S | E133: =IF(ISNA(B133), "", B133) -> Archer-III | F133: GBZHK | G133: Self | H133: =IF(UPPER(G133)<>"SELF",IF(G133<>"", "PUT", ""),"P1") -> P1 | I133: EGKA | J133: EGKA | K133: 0.64583333 | L133: 0.70486111 | M133: =IF(AND(H133="P1", D133="S"), L133-K133, 0) -> 0.059027778 | N133: =IF(AND(H133="PUT", D133="S"), L133-K133, 0) -> 0 | X133: =SUM(M133:S133) -> 0.059027778 | Y133: Local with H around Isle of Wight
A134: 36723 | B134: =VLOOKUP(F134, Aircraft!A$2:C$99, 2, FALSE) -> Archer-III | C134: =VLOOKUP(F134, Aircraft!A$2:C$99, 3, FALSE) -> S | D134: =IF(ISNA(C134), "", C134) -> S | E134: =IF(ISNA(B134), "", B134) -> Archer-III | F134: GBZHK | G134: Self | H134: =IF(UPPER(G134)<>"SELF",IF(G134<>"", "PUT", ""),"P1") -> P1 | I134: EGKA | J134: EGKA | K134: 0.39861111 | L134: 0.46041667 | M134: =IF(AND(H134="P1", D134="S"), L134-K134, 0) -> 0.061805556 | N134: =IF(AND(H134="PUT", D134="S"), L134-K134, 0) -> 0 | X134: =SUM(M134:S134) -> 0.061805556 | Y134: IMC Test Part 1, Gary Leicester
A135: 36723 | B135: =VLOOKUP(F135, Aircraft!A$2:C$99, 2, FALSE) -> Archer-III | C135: =VLOOKUP(F135, Aircraft!A$2:C$99, 3, FALSE) -> S | D135: =IF(ISNA(C135), "", C135) -> S | E135: =IF(ISNA(B135), "", B135) -> Archer-III | F135: GBZHK | G135: Self | H135: =IF(UPPER(G135)<>"SELF",IF(G135<>"", "PUT", ""),"P1") -> P1 | I135: EGKA | J135: EGKA | K135: 0.70138889 | L135: 0.72638889 | M135: =IF(AND(H135="P1", D135="S"), L135-K135, 0) -> 0.025 | N135: =IF(AND(H135="PUT", D135="S"), L135-K135, 0) -> 0 | X135: =SUM(M135:S135) -> 0.025 | Y135: IMC Test Part 2 - VDF Let Down 02
...

Sheet By Instructor
A3: Sum of Flight Time | D3: Captain
A4: Engines | B4: Ttype | C4: Reg | D4: Self | E4: Marshall | F4: Terry | G4: Kingshott | H4: Chapman | I4: McKinnon | J4: Vickers | K4: Chowen | L4: Gould | M4: Rabson | N4: Brownie | O4: Frampton | P4: Powell | Q4: Gwilliam | R4: East | S4: Wilton | T4: Westwood | U4: Whitehead | V4: Batt | W4: Herlihy | X4: Harling | Y4: Rutherford | Z4: Mitchell | AA4: Ilett | AB4: A Hill | AC4: N Hill | AD4: Grand Total
A5: S | B5: PA28 | D5: 7.6145833 | F5: 0.57986111 | G5: 0.81388889 | H5: 0.054166667 | I5: 0.51388889 | J5: 0.8125 | K5: 0.076388889 | M5: 0.20486111 | N5: 0.18472222 | P5: 0.17361111 | Q5: 0.069444444 | V5: 0.09375 | W5: 0.090277778 | X5: 0.076388889 | Y5: 0.041666667 | Z5: 0.041666667 | AA5: 0.041666667 | AC5: 0.024305556 | AD5: 11.507639
B6: PA28-235 | D6: 1.7833333 | I6: 0.28819444 | AD6: 2.0715278
B7: DHC-1 | D7: 0.34097222 | H7: 1.0298611 | I7: 0.045138889 | J7: 0.041666667 | T7: 0.10069444 | AD7: 1.5583333
B8: Archer-III | D8: 1.0527778 | I8: 0.038194444 | AD8: 1.0909722
B9: PA28R | D9: 0.14861111 | E9: 0.40486111 | M9: 0.080555556 | O9: 0.090277778 | AD9: 0.72430556
B10: PA38 | D10: 0.076388889 | F10: 0.47569444 | AD10: 0.55208333
B11: PA-32RT | D11: 0.45972222 | I11: 0.059027778 | AD11: 0.51875
B12: C152 | G12: 0.31944444 | AD12: 0.31944444
B13: T67C | F13: 0.125 | AD13: 0.125
B14: AA-5 | D14: 0.074305556 | I14: 0.045138889 | AD14: 0.11944444
B15: JP5A | AB15: 0.038194444 | AD15: 0.038194444
B16: C172 | F16: 0.034722222 | AD16: 0.034722222
B17: EXTRA | T17: 0.027777778 | AD17: 0.027777778
A18: S Total | D18: 11.550694 | E18: 0.40486111 | F18: 1.2152778 | G18: 1.1333333 | H18: 1.0840278 | I18: 0.98958333 | J18: 0.85416667 | K18: 0.076388889 | M18: 0.28541667 | N18: 0.18472222 | O18: 0.090277778 | P18: 0.17361111 | Q18: 0.069444444 | T18: 0.12847222 | V18: 0.09375 | W18: 0.090277778 | X18: 0.076388889 | Y18: 0.041666667 | Z18: 0.041666667 | AA18: 0.041666667 | AB18: 0.038194444 | AC18: 0.024305556 | AD18: 18.688194
A19: T | B19: PA34 | D19: 2.8083333 | E19: 1.4861111 | K19: 0.36458333 | L19: 0.40902778 | O19: 0.09375 | Q19: 0.090277778 | R19: 0.14236111 | U19: 0.10486111 | AD19: 5.4993056
B20: BE76 | D20: 1.0465278 | S20: 0.13888889 | AD20: 1.1854167
B21: PA23 | D21: 1.1520833 | F21: 0.024305556 | AD21: 1.1763889
A22: T Total | D22: 5.0069444 | E22: 1.4861111 | F22: 0.024305556 | K22: 0.36458333 | L22: 0.40902778 | O22: 0.09375 | Q22: 0.090277778 | R22: 0.14236111 | S22: 0.13888889 | U22: 0.10486111 | AD22: 7.8611111
A23: Grand Total | D23: 16.557639 | E23: 1.8909722 | F23: 1.2395833 | G23: 1.1333333 | H23: 1.0840278 | I23: 0.98958333 | J23: 0.85416667 | K23: 0.44097222 | L23: 0.40902778 | M23: 0.28541667 | N23: 0.18472222 | O23: 0.18402778 | P23: 0.17361111 | Q23: 0.15972222 | R23: 0.14236111 | S23: 0.13888889 | T23: 0.12847222 | U23: 0.10486111 | V23: 0.09375 | W23: 0.090277778 | X23: 0.076388889 | Y23: 0.041666667 | Z23: 0.041666667 | AA23: 0.041666667 | AB23: 0.038194444 | AC23: 0.024305556 | AD23: 26.549306

Sheet By Type
A3: Count of Ttype | C3: Ttype
A4: Engines | B4: Reg | C4: PA28 | D4: PA34 | E4: DHC-1 | F4: PA28-235 | G4: BE76 | H4: Archer-III | I4: PA23 | J4: PA28R | K4: PA38 | L4: PA-32RT | M4: C152 | N4: T67C | O4: AA-5 | P4: EXTRA | Q4: C172 | R4: JP5A | S4: Grand Total
A5: S | B5: GEKKL | C5: 72 | S5: 72
B6: GBZGA | E6: 47 | S6: 47
B7: GAWSM | F7: 36 | S7: 36
B8: GBOKB | C8: 32 | S8: 32
B9: GBOJZ | C9: 30 | S9: 30
B10: GBPDU | C10: 30 | S10: 30
B11: GBTDV | C11: 20 | S11: 20
B12: GBZHV | H12: 16 | S12: 16
B13: GBSZT | C13: 15 | S13: 15
B14: GBMOE | J14: 13 | S14: 13
B15: GBYMD | K15: 11 | S15: 11
B16: GOPUK | C16: 11 | S16: 11
B17: GTFYN | L17: 10 | S17: 10
B18: GBNEL | C18: 10 | S18: 10
B19: GBUIK | C19: 8 | S19: 8
B20: GRSKR | C20: 7 | S20: 7
B21: GBUJP | C21: 7 | S21: 7
B22: GBZHK | H22: 6 | S22: 6
B23: GBOTN | C23: 5 | S23: 5
B24: GBUJO | C24: 5 | S24: 5
B25: GBNNY | C25: 5 | S25: 5
B26: GBIEY | C26: 4 | S26: 4
B27: GBASW | C27: 4 | S27: 4
B28: GBPTF | M28: 3 | S28: 3
B29: GBOCL | N29: 3 | S29: 3
B30: GBBCZ | O30: 3 | S30: 3
B31: GLSMI | M31: 3 | S31: 3
B32: GWARY | C32: 2 | S32: 2
B33: N8351W | C33: 2 | S33: 2
B34: GSARA | C34: 2 | S34: 2
B35: GSACZ | C35: 1 | S35: 1
B36: N8391S | C36: 1 | S36: 1
B37: GBOIN | M37: 1 | S37: 1
B38: GRKSR | C38: 1 | S38: 1
B39: GIIEX | P39: 1 | S39: 1
B40: GBCAH | E40: 1 | S40: 1
B41: GBMTS | Q41: 1 | S41: 1
B42: GEVTO | C42: 1 | S42: 1
B43: GBHIL | C43: 1 | S43: 1
B44: GVIVM | R44: 1 | S44: 1
A45: S Total | C45: 276 | E45: 48 | F45: 36 | H45: 22 | J45: 13 | K45: 11 | L45: 10 | M45: 7 | N45: 3 | O45: 3 | P45: 1 | Q45: 1 | R45: 1 | S45: 432
A46: T | B46: GHCSL | D46: 51 | S46: 51
B47: GLORD | D47: 28 | S47: 28
B48: GGDMW | G48: 27 | S48: 27
B49: GBCCE | I49: 18 | S49: 18
B50: GIEIO | D50: 12 | S50: 12
B51: GBTGU | D51: 7 | S51: 7
A52: T Total | D52: 98 | G52: 27 | I52: 18 | S52: 143
A53: Grand Total | C53: 276 | D53: 98 | E53: 48 | F53: 36 | G53: 27 | H53: 22 | I53: 18 | J53: 13 | K53: 11 | L53: 10 | M53: 7 | N53: 3 | O53: 3 | P53: 1 | Q53: 1 | R53: 1 | S53: 575

Sheet Aircraft
A1: Reg | B1: Type Number | C1: Type | D1: # Flights
A2: GEKKL | B2: PA28 | C2: S | D2: =COUNTIF('Log Book'!F:F, A2) -> 72
A3: GHCSL | B3: PA34 | C3: T | D3: =COUNTIF('Log Book'!F:F, A3) -> 51
A4: GBZGA | B4: DHC-1 | C4: S | D4: =COUNTIF('Log Book'!F:F, A4) -> 47
A5: GAWSM | B5: PA28-235 | C5: S | D5: =COUNTIF('Log Book'!F:F, A5) -> 36
A6: GBOJZ | B6: PA28 | C6: S | D6: =COUNTIF('Log Book'!F:F, A6) -> 30
A7: GBPDU | B7: PA28 | C7: S | D7: =COUNTIF('Log Book'!F:F, A7) -> 30
A8: GLORD | B8: PA34 | C8: T | D8: =COUNTIF('Log Book'!F:F, A8) -> 28
A9: GGDMW | B9: BE76 | C9: T | D9: =COUNTIF('Log Book'!F:F, A9) -> 27
A10: GBOKB | B10: PA28 | C10: S | D10: =COUNTIF('Log Book'!F:F, A10) -> 32
A11: GBTDV | B11: PA28 | C11: S | D11: =COUNTIF('Log Book'!F:F, A11) -> 20
A12: GBCCE | B12: PA23 | C12: T | D12: =COUNTIF('Log Book'!F:F, A12) -> 18
A13: GBZHV | B13: Archer-III | C13: S | D13: =COUNTIF('Log Book'!F:F, A13) -> 16
... A49: GEVTO | B49: PA28 | C49: S | D49: =COUNTIF('Log Book'!F:F, A49) -> 1
A50: GBUIY | B50: PA28 | C50: S | D50: 1
A51: GELZY | B51: PA28 | C51: S | D51: 1

Sheet By Instructor (2)
A3: Count of To | B3: Engines
A4: To | B4: S | C4: SIM | D4: T | E4: Grand Total
A5: EGKA | B5: 313 | D5: 60 | E5: 373
A6: EGHI | B6: 17 | D6: 32 | E6: 49
A7: EGHR | B7: 21 | E7: 21
A8: EGMD | B8: 12 | D8: 5 | E8: 17
A9: SIM | C9: 13 | E9: 13
A10: EGBW | B10: 8 | D10: 3 | E10: 11
A11: EIWT | B11: 2 | D11: 7 | E11: 9
A12: LFRG | B12: 2 | D12: 7 | E12: 9
A13: LFAT | B13: 3 | D13: 4 | E13: 7
A14: EGFF | B14: 3 | D14: 4 | E14: 7
A15: EGNT | B15: 3 | D15: 3 | E15: 6
A16: EGHA | B16: 4 | E16: 4
A17: EGUS | D17: 3 | E17: 3
A18: EGLK | B18: 3 | E18: 3
A19: EGHN | B19: 3 | E19: 3
A20: EGKB | B20: 3 | E20: 3
A21: EGHJ | B21: 3 | E21: 3
A22: EGCV | B22: 1 | D22: 2 | E22: 3
A23: EGLS | B23: 3 | E23: 3
A24: EGTF | B24: 2 | E24: 2
A25: EGLM | B25: 2 | E25: 2
A26: EGBE | B26: 1 | D26: 1 | E26: 2
A27: EGHH | B27: 2 | E27: 2
A28: LFAC | D28: 2 | E28: 2
A29: EGMC | B29: 2 | E29: 2
A30: EGGD | C30: 1 | D30: 1 | E30: 2
A31: EBOS | B31: 2 | E31: 2
A32: KTEB | B32: 2 | E32: 2
A33: EGSR | B33: 2 | E33: 2
A34: LFOP | B34: 1 | D34: 1 | E34: 2
A35: EGBS | B35: 2 | E35: 2
A36: LFLP | D36: 1 | E36: 1
A37: LFBK | B37: 1 | E37: 1
A38: EGBJ | D38: 1 | E38: 1
A39: KMMV | B39: 1 | E39: 1
A40: LFOQ | B40: 1 | E40: 1
A41: LFOD | D41: 1 | E41: 1
A42: EGSX | B42: 1 | E42: 1
A43: LFQA | D43: 1 | E43: 1
A44: EGCW | D44: 1 | E44: 1
A45: EGWB | D45: 1 | E45: 1
A46: EGJA | B46: 1 | E46: 1
A47: Leeds | D47: 1 | E47: 1
A48: LFDS | B48: 1 | E48: 1
A49: EGTE | B49: 1 | E49: 1
A50: LFFK | B50: 1 | E50: 1
A51: EGSM | B51: 1 | E51: 1
A52: EGTK | B52: 1 | E52: 1
A53: LFLB | D53: 1 | E53: 1
A54: Grand Total | B54: 432 | C54: 14 | D54: 143 | E54: 589

Sheet Sheet1
A1: Code | B1: Aiport | C1: Where
A2: EGAA | B2: Belfast International Airport | C2: Belfast, Northern Ireland
A3: EGAB | B3: Enniskillen/St Angelo Airport | C3: Enniskillen, Northern Ireland
A4: EGAC | B4: George Best Belfast City Airport | C4: Belfast, Northern Ireland
A5: EGAD | B5: Newtownards Airport | C5: Newtownards, Northern Ireland
A6: EGAE | B6: City of Derry Airport | C6: Derry, Northern Ireland
A7: EGBB | B7: Birmingham International Airport | C7: Birmingham, England
A8: EGBC | B8: Cheltenham Racecourse Heliport | C8: Cheltenham Racecourse, England
A9: EGBD | B9: Derby Airfield | C9: Derby, England
A10: EGBE | B10: Coventry Airport | C10: Coventry, England
A11: EGBG | B11: Leicester Airport | C11: Leicester, England
A12: EGBJ | B12: Gloucestershire Airport | C12: Staverton, England
... A669: LFYS | B669: Sainte-Léocadie Airport | C669: Sainte-Léocadie
A670: EBAM | B670: Amougies airfield
A671: EBAW | B671: Antwerp International Airport | C671: Antwerp / Deurne
A672: EBBE | B672: Beauvechain Air Base | C672: Beauvechain
A673: EBBL | B673: Kleine Brogel Air Base | C673: Kleine Brogel
A674: EBBR | B674: Brussels Airport | C674: Brussels / Zaventem
A675: EBBT | B675: Brasschaat Airfield | C675: Brasschaat
A676: EBBX | B676: Jehonville Air Base | C676: Bertrix
A677: EBBY | B677: Baisy-Thy Ulmodrome
A678: EBBZ | B678: Buzet Ulmodrome
A679: EBCI | B679: Brussels South Charleroi Airport | C679: Charleroi
A680: EBCF | B680: Cerfontaine Airfield | C680: Cerfontaine
A681: EBCV | B681: Chievres AB (U.S. Air Force) | C681: Chievres
A682: EBFN | B682: Koksijde AB | C682: Koksijde
A683: EBFS | B683: Florennes Air Base | C683: Florennes
A684: EBGB | B684: Grimbergen Airfield | C684: Grimbergen
A685: EBHN | B685: Hoevenen Airfield | C685: Hoevenen
A686: EBKH | B686: Balen-Keiheuvel Airport | C686: Balen-Keiheuvel
A687: EBKT | B687: Kortrijk-Wevelgem International Airport | C687: Kortrijk / Wevelgem
A688: EBLG | B688: Liege Airport | C688: Liège
A689: EBLE | B689: Beverlo Air Base | C689: Leopoldsburg
A690: EBMB | B690: Melsbroek Air Base | C690: Brussels
... A706: EBZW | B706: Zwartberg Airfield | C706: Genk
